 l_english:
 VICTORY_POINTS_TOOLTIP: "§G$NAME$§! victory points = §Y$POINTS$§!"

 #####################
 ### NORTH AMERICA ###
 #####################

 ### CANADA ###

 ### Alberta ###
 VICTORY_POINTS_3706: "Calgary"
 VICTORY_POINTS_515: "Edmonton"
 ### British Columbia ###
 VICTORY_POINTS_4428: "Fort Langley"
 VICTORY_POINTS_1869: "Skidegate"
 VICTORY_POINTS_1408: "Vancouver"
 VICTORY_POINTS_7259: "Victoria"
 ### Manitoba ###
 VICTORY_POINTS_10605: "Churchill"
 VICTORY_POINTS_4872: "Fort Garry"
 ### Northwest Territories ###
 ### New Brunswick ###
 VICTORY_POINTS_634: "Fredericton"
 VICTORY_POINTS_1424: "Moncton"
 VICTORY_POINTS_4285: "Saint John"
 ### Newfoundland and Labrador ###
 VICTORY_POINTS_12505: "Saint Johns"
 ### Nova Scotia ###
 VICTORY_POINTS_7361: "Halifax"
 VICTORY_POINTS_4430: "Sydney"
 ### Nunavut ###
 ### Ontario ###
 VICTORY_POINTS_3763: "Hamilton"
 VICTORY_POINTS_3605: "Kingston"
 VICTORY_POINTS_722: "London"
 VICTORY_POINTS_3778: "Ottawa"
 VICTORY_POINTS_11569: "Peterborough"
 VICTORY_POINTS_12582: "Sault Ste. Marie"
 VICTORY_POINTS_9480: "Sudbury"
 VICTORY_POINTS_4775: "Thunder Bay"
 VICTORY_POINTS_3775: "Toronto"
 ### Prince Edward Island ###
 VICTORY_POINTS_4360: "Prince Edward Island"
 ### Quebec ###
 VICTORY_POINTS_4422: "Gaspé"
 VICTORY_POINTS_4345: "Montréal"
 VICTORY_POINTS_12149: "Québec"
 VICTORY_POINTS_7893: "Saguénay"
 VICTORY_POINTS_10230: "Sherbrooke"
 ### Saskatchewan ###
 VICTORY_POINTS_12663: "Regina"
 VICTORY_POINTS_4739: "Saskatoon"
 ### Yukon ###

 ### UNITED STATES ###

 VICTORY_POINTS_3957: "Washington, District of Columbia"

 ### Alaska ###
 VICTORY_POINTS_13203: "Novoarkhangelsk"
 VICTORY_POINTS_7884: "Pavlovskaya"

 ### Arizona ###
 VICTORY_POINTS_10573: "El Vadito"
 VICTORY_POINTS_850: "Antelope Spring"
 VICTORY_POINTS_7920: "Tombstone"
 VICTORY_POINTS_14465: "Globe"
 VICTORY_POINTS_14464: "Camp Goodwin"
 VICTORY_POINTS_853: "Clifton"
 VICTORY_POINTS_8115: "La Paz"
 VICTORY_POINTS_3834: "Gila Ranch"
 VICTORY_POINTS_11814: "Camp Colorado"
 VICTORY_POINTS_7821: "Navajo Springs"
 VICTORY_POINTS_12765: "Tuscon"
 VICTORY_POINTS_14466: "Socatoon Village"
 VICTORY_POINTS_6897: "Los Nogales de Elías"
 VICTORY_POINTS_1793: "Prescott"
 VICTORY_POINTS_10783: "Arizona City"

 ### California ###
 VICTORY_POINTS_610: "Eureka"
 VICTORY_POINTS_766: "Rancho del Arroyo Chico"
 VICTORY_POINTS_986: "San Luis Obispo"
 VICTORY_POINTS_1562: "San Diego"
 VICTORY_POINTS_1601: "Tahoe"
 VICTORY_POINTS_3677: "San Jose"
 VICTORY_POINTS_3678: "Mission San Jose"
 VICTORY_POINTS_4518: "Millerton"
 VICTORY_POINTS_6665: "Poverty Flats"
 VICTORY_POINTS_6694: "Unnamed Settlement"
 VICTORY_POINTS_6757: "Santa Rosa"
 VICTORY_POINTS_6881: "Santa Maria"
 VICTORY_POINTS_9637: "Monterey"
 VICTORY_POINTS_9671: "San Francisco"
 VICTORY_POINTS_9814: "Los Angeles"
 VICTORY_POINTS_11658: "Sonoma"
 VICTORY_POINTS_11795: "Palm Springs"
 VICTORY_POINTS_11876: "Santa Barbara"
 VICTORY_POINTS_12374: "Calexico"
 VICTORY_POINTS_14291: "Malibu"
 VICTORY_POINTS_14295: "Sacramento"

 ### Colorado ###
 VICTORY_POINTS_1658: "Montrose"
 VICTORY_POINTS_6887: "Grand Junction"

 ### Connecticut ###
 VICTORY_POINTS_9847: "Bridgeport"
 VICTORY_POINTS_14441: "Hartford"
 VICTORY_POINTS_9850: "Litchfield"
 VICTORY_POINTS_6909: "Middletown"
 VICTORY_POINTS_14438: "New Haven"
 VICTORY_POINTS_14439: "New London"
 VICTORY_POINTS_14440: "Tolland"
 VICTORY_POINTS_9832: "Windham"

 ### Delaware ###
 VICTORY_POINTS_9786: "Dover"
 VICTORY_POINTS_14432: "Wilmington"
 VICTORY_POINTS_14433: "Georgetown"

 ### Florida ###
 VICTORY_POINTS_14410: "Gainesville"
 VICTORY_POINTS_14413: "Sanderson"
 VICTORY_POINTS_14425: "St. Andrews City"
 VICTORY_POINTS_14411: "Starke"
 VICTORY_POINTS_14396: "Sand Point"
 VICTORY_POINTS_14383: "New River Settlement"
 VICTORY_POINTS_14426: "Abes Spring Bluff"
 VICTORY_POINTS_14426: "Charlotte Harbour"
 VICTORY_POINTS_14399: "Tompkinsville"
 VICTORY_POINTS_14407: "Middleburgh"
 VICTORY_POINTS_1913: "Everglade"
 VICTORY_POINTS_14414: "Alligator Town"
 VICTORY_POINTS_14386: "Pine Level"
 VICTORY_POINTS_14408: "Old Town"
 VICTORY_POINTS_14406: "Jacksonville"
 VICTORY_POINTS_10352: "Pensacola"
 VICTORY_POINTS_1843: "Bunell"
 VICTORY_POINTS_10407: "Apalachicola"
 VICTORY_POINTS_14422: "Quincy"
 VICTORY_POINTS_14409: "Joppa"
 VICTORY_POINTS_12752: "Moore Haven"
 VICTORY_POINTS_14415: "Jasper"
 VICTORY_POINTS_14415: "Jasper"
 VICTORY_POINTS_14387: "Fort Hartsuff"
 VICTORY_POINTS_14401: "Fort Thompson"
 VICTORY_POINTS_14398: "Brooksville"
 VICTORY_POINTS_14392: "Lake Forest"
 VICTORY_POINTS_14391: "Tampa"
 VICTORY_POINTS_14428: "Hewitt's Bluff"
 VICTORY_POINTS_14395: "Fort Vinton"
 VICTORY_POINTS_10380: "Marianna"
 VICTORY_POINTS_14419: "Monticello"
 VICTORY_POINTS_14416: "Troy"
 VICTORY_POINTS_1584: "Leesburg"
 VICTORY_POINTS_14384: "Fort Myers"
 VICTORY_POINTS_14421: "Tallahassee"
 VICTORY_POINTS_1556: "Levyville"
 VICTORY_POINTS_14423: "Bristol"
 VICTORY_POINTS_12353: "Madison"
 VICTORY_POINTS_14389: "Manatee"
 VICTORY_POINTS_1572: "Ocala"
 VICTORY_POINTS_14393: "Potsdam"
 VICTORY_POINTS_14382: "Miami"
 VICTORY_POINTS_13730: "Key West"
 VICTORY_POINTS_12381: "Callahan"
 VICTORY_POINTS_14430: "Destin"
 VICTORY_POINTS_10489: "Basinger"
 VICTORY_POINTS_14400: "Orlando"
 VICTORY_POINTS_866: "Whitter"
 VICTORY_POINTS_9834: "Lake Worth Settlement"
 VICTORY_POINTS_14397: "Seven Springs"
 VICTORY_POINTS_14390: "Clear Water Harbor"
 VICTORY_POINTS_7388: "Fort Blount"
 VICTORY_POINTS_14404: "Palatka"
 VICTORY_POINTS_14405: "St. Augustine"
 VICTORY_POINTS_14394: "Fort Pierce"
 VICTORY_POINTS_14431: "Milton"
 VICTORY_POINTS_14388: "Sarasota"
 VICTORY_POINTS_14403: "Mellonville"
 VICTORY_POINTS_14402: "Sumterville"
 VICTORY_POINTS_14417: "Houston"
 VICTORY_POINTS_14418: "Rose Head"
 VICTORY_POINTS_14412: "Providence"
 VICTORY_POINTS_12439: "Enterprise"
 VICTORY_POINTS_14420: "Newport"
 VICTORY_POINTS_14429: "Euchee Anna"
 VICTORY_POINTS_14427: "Vernon"

 ### Hawai'i ###

 VICTORY_POINTS_4180: "Honolulu"
 VICTORY_POINTS_7112: "Līhu'e"
 VICTORY_POINTS_12021: "Kaunakakai"
 VICTORY_POINTS_7195: "Lahaina"
 VICTORY_POINTS_14449: "Pālāwai"
 VICTORY_POINTS_10048: "Hilo"
 VICTORY_POINTS_14448: "Pu'uwai"

 ### Louisiana ###
 VICTORY_POINTS_1643: "Ville du Pont des Breaux"
 VICTORY_POINTS_4535: "Thibodeaux"
 VICTORY_POINTS_7552: "La Nouvelle-Orléans"
 VICTORY_POINTS_7555: "Alexandria"
 VICTORY_POINTS_14297: "Bâton-Rouge"

 ### Massachusetts ###
 VICTORY_POINTS_905: "Barnstable"
 VICTORY_POINTS_908: "Lenox"
 VICTORY_POINTS_14460: "Taunton"
 VICTORY_POINTS_14458: "Edgartown"
 VICTORY_POINTS_14462: "Salem"
 VICTORY_POINTS_715: "Greenfield"
 VICTORY_POINTS_718: "Springfield"
 VICTORY_POINTS_14463: "Northampton"
 VICTORY_POINTS_6732: "Cambridge"
 VICTORY_POINTS_14457: "Nantucket"
 VICTORY_POINTS_3906: "Dedham"
 VICTORY_POINTS_14459: "Plymouth"
 VICTORY_POINTS_14461: "Boston"
 VICTORY_POINTS_3710: "Worcester"

 ### Nevada ###
 VICTORY_POINTS_4607: "Reno"
 VICTORY_POINTS_4799: "Las Vegas"
 VICTORY_POINTS_7756: "Elko"

 ### New Hampshire ###
 VICTORY_POINTS_14455: "Laconia"
 VICTORY_POINTS_733: "Ossipee"
 VICTORY_POINTS_3715: "Keene"
 VICTORY_POINTS_10481: "Lancaster"
 VICTORY_POINTS_14456: "Havorhill Corner"
 VICTORY_POINTS_14451: "Amherst"
 VICTORY_POINTS_14453: "Concord"
 VICTORY_POINTS_3712: "Exeter"
 VICTORY_POINTS_14454: "Dover"
 VICTORY_POINTS_14452: "Newport"


 ### New Mexico ###
 VICTORY_POINTS_3883: "Albuquerque"
 VICTORY_POINTS_4975: "Santa Fe"
 VICTORY_POINTS_5044: "Las Cruces"

 ### Rhode Island ###
 VICTORY_POINTS_14435: "Bristol"
 VICTORY_POINTS_11830: "East Greenwich"
 VICTORY_POINTS_14434: "Newport"
 VICTORY_POINTS_14436: "Providence"
 VICTORY_POINTS_14437: "South Kingston"

 ### Utah ###
 VICTORY_POINTS_4865: "Salt Lake City"
 VICTORY_POINTS_10662: "Fillmore"

 ### Wyoming ###
 VICTORY_POINTS_12633: "Rock Spring"

 VICTORY_POINTS_12459: "Bangor"
 VICTORY_POINTS_3732: "Portland"
 VICTORY_POINTS_4445: "Montepelier"

 VICTORY_POINTS_11654: "Buffalo"
 VICTORY_POINTS_3733: "Rochester"
 VICTORY_POINTS_3747: "Syracuse"
 VICTORY_POINTS_9708: "Utica"
 VICTORY_POINTS_3806: "Albany"
 VICTORY_POINTS_6911: "Poughkeepsie"
 VICTORY_POINTS_3878: "New York-Brooklyn"
 VICTORY_POINTS_6882: "Newark"
 VICTORY_POINTS_11782: "Trenton"
 VICTORY_POINTS_11800: "Pittsburgh"
 VICTORY_POINTS_11785: "Reading"
 VICTORY_POINTS_9804: "Harrisburg"
 VICTORY_POINTS_3847: "Gettysburg"
 VICTORY_POINTS_6845: "Philadelphia"
 VICTORY_POINTS_9758: "Wellington"
 VICTORY_POINTS_13661: "Annapolis"

 VICTORY_POINTS_11888: "Harpers Ferry"
 VICTORY_POINTS_6850: "Wheeling"
 VICTORY_POINTS_7588: "Charleston"
 VICTORY_POINTS_873: "Alexandria"
 VICTORY_POINTS_11738: "Petersberg"
 VICTORY_POINTS_3823: "Richmond"
 VICTORY_POINTS_788: "Norfolk"
 VICTORY_POINTS_7045: "Raleigh"
 VICTORY_POINTS_10081: "Greensboro"
 VICTORY_POINTS_7138: "Charlotte"
 VICTORY_POINTS_1132: "Wilmington"
 VICTORY_POINTS_7202: "Charleston"
 VICTORY_POINTS_7012: "Columbia"

 VICTORY_POINTS_12384: "Atlanta"
 VICTORY_POINTS_10465: "Augusta"
 VICTORY_POINTS_11975: "Savannah"
 VICTORY_POINTS_12498: "Columbus"
 VICTORY_POINTS_12470: "Andersonville"
 VICTORY_POINTS_10520: "Fort Morgan"
 VICTORY_POINTS_7480: "Mobile"
 VICTORY_POINTS_12735: "Birmingham"
 VICTORY_POINTS_492: "Montgomery"
 VICTORY_POINTS_4464: "Biloxi"
 VICTORY_POINTS_4565: "Jackson"
 VICTORY_POINTS_10410: "Vicksburg"

 VICTORY_POINTS_7797: "Memphis"
 VICTORY_POINTS_8083: "Nashville"
 VICTORY_POINTS_10909: "Chattanooga"
 VICTORY_POINTS_913: "Knoxville"
 VICTORY_POINTS_10586: "Paducah"
 VICTORY_POINTS_6974: "Bowling Green"
 VICTORY_POINTS_9727: "Lexington"
 VICTORY_POINTS_6696: "Louisville"
 VICTORY_POINTS_4601: "Cincinatti"
 VICTORY_POINTS_11776: "Dayton"
 VICTORY_POINTS_6890: "Cleveland"
 VICTORY_POINTS_6855: "Columbus"
 VICTORY_POINTS_689: "Toledo"

 VICTORY_POINTS_6710: "Detroit"
 VICTORY_POINTS_11656: "Ann Arbor"
 VICTORY_POINTS_11669: "Flint"
 VICTORY_POINTS_6769: "Lansing"
 VICTORY_POINTS_11685: "Grand Rapids"
 VICTORY_POINTS_4854: "Marquette"
 VICTORY_POINTS_870: "Fort Wayne"
 VICTORY_POINTS_9654: "South Bend"
 VICTORY_POINTS_1595: "Indianapolis"
 VICTORY_POINTS_11635: "Evansville"
 VICTORY_POINTS_12365: "Quincy"
 VICTORY_POINTS_12697: "Springfield"
 VICTORY_POINTS_10339: "Peoria"
 VICTORY_POINTS_9450: "Chicago"
 VICTORY_POINTS_12357: "Milwaukee"
 VICTORY_POINTS_12456: "Madison"
 VICTORY_POINTS_4166: "Green Bay"
 VICTORY_POINTS_1760: "Eau Claire"

 VICTORY_POINTS_4807: "Rochester"
 VICTORY_POINTS_1866: "Minneapolis"
 VICTORY_POINTS_1719: "Saint Paul"
 VICTORY_POINTS_1734: "Duluth"
 VICTORY_POINTS_1770: "Des Moines"
 VICTORY_POINTS_9910: "Dubuque"
 VICTORY_POINTS_10478: "Davenport"
 VICTORY_POINTS_4569: "Saint Louis"
 VICTORY_POINTS_10370: "Springfield"
 VICTORY_POINTS_7607: "Columbia"
 VICTORY_POINTS_10717: "Kansas City"
 VICTORY_POINTS_12489: "Little Rock"

 VICTORY_POINTS_9920: "Fort Worth"
 VICTORY_POINTS_3960: "Dallas"
 VICTORY_POINTS_6968: "Longview"
 VICTORY_POINTS_10861: "Waco"
 VICTORY_POINTS_1500: "Beaumont"
 VICTORY_POINTS_10337: "Houston"
 VICTORY_POINTS_5022: "Austin"
 VICTORY_POINTS_12782: "San Antonio"
 VICTORY_POINTS_2042: "Corpus Christi"
 VICTORY_POINTS_12369: "Brownsville"
 VICTORY_POINTS_10740: "El Paso"
 VICTORY_POINTS_1998: "Midland"
 VICTORY_POINTS_8064: "Big Spring"
 VICTORY_POINTS_9773: "Comancheria"
 VICTORY_POINTS_3972: "Amarillo"

 VICTORY_POINTS_10798: "Oklahoma City"
 VICTORY_POINTS_1806: "Tulsa"
 VICTORY_POINTS_7892: "Wichita"
 VICTORY_POINTS_7834: "Lawrence"
 VICTORY_POINTS_1352: "Topeka"
 VICTORY_POINTS_12024: "Dodge City"

 VICTORY_POINTS_10595: "Sioux Falls"
 VICTORY_POINTS_3708: "Lincoln"
 VICTORY_POINTS_12586: "Omaha"

 VICTORY_POINTS_12624: "Guymon"
 VICTORY_POINTS_1851: "Bighorn"
 VICTORY_POINTS_1738: "Campo"
 VICTORY_POINTS_10645: "Farmington"
 VICTORY_POINTS_4826: "Burns"
 VICTORY_POINTS_6722: "Bowman"
 VICTORY_POINTS_7779: "Helena"
 VICTORY_POINTS_7747: "San Carlos"
 VICTORY_POINTS_8070: "Roswell"
 VICTORY_POINTS_4331: "Alturas"
 VICTORY_POINTS_12627: "Timpas"
 VICTORY_POINTS_13834: "Laramie"
 VICTORY_POINTS_10914: "Gila"
 VICTORY_POINTS_2102: "Nara Vista"
 VICTORY_POINTS_13828: "Clovis"
 VICTORY_POINTS_1767: "Billings"
 VICTORY_POINTS_12124: "Coeur d'Alene"
 VICTORY_POINTS_9616: "Boise"
 VICTORY_POINTS_12535: "Moson Kahni"
 VICTORY_POINTS_10271: "Fort Vancouver"
 VICTORY_POINTS_1789: "Fort Hall"
 VICTORY_POINTS_1815: "Fort Caspar"
 VICTORY_POINTS_11733: "Grants Pass"
 VICTORY_POINTS_1690: "Spokane"
 VICTORY_POINTS_1747: "Mni Luzahan Othunwahe"
 VICTORY_POINTS_1827: "Denver"
 VICTORY_POINTS_1836: "Bismarck"
 VICTORY_POINTS_4860: "Great Falls"
 VICTORY_POINTS_7315: "Seattle"
 VICTORY_POINTS_3678: "Oakland"
 VICTORY_POINTS_3513: "Portland"

 ######################
 ####### ZONE B #######
 ######################

 ######################
 ####### ZONE C #######
 ######################

 ### Benelux ###
 # Belgium
 VICTORY_POINTS_516: "Brussels"
 VICTORY_POINTS_3488: "Verviers"
 VICTORY_POINTS_3516: "Namur"
 VICTORY_POINTS_6537: "Liège"
 VICTORY_POINTS_6560: "Ghent"
 VICTORY_POINTS_6598: "Antwerp"
 VICTORY_POINTS_9444: "Dinant"
 VICTORY_POINTS_9536: "Charleroi"

 # Luxembourg
 VICTORY_POINTS_6583: "Luxembourg"

 # Netherlands
 VICTORY_POINTS_391: "Amsterdam"
 VICTORY_POINTS_480: "Terneuzen"
 VICTORY_POINTS_3211: "Den Haag"
 VICTORY_POINTS_6241: "Utrecht"
 VICTORY_POINTS_6286: "Zwolle"
 VICTORY_POINTS_6336: "Leeuwarden"
 VICTORY_POINTS_6496: "Eindhoven"
 VICTORY_POINTS_9309: "Emmen"
 VICTORY_POINTS_9363: "Arnhem"
 VICTORY_POINTS_9403: "Enschede"
 VICTORY_POINTS_9431: "Middelburg"
 VICTORY_POINTS_9498: "Rotterdam"
 VICTORY_POINTS_11318: "Groningen"
 VICTORY_POINTS_11456: "Nijmegen"
 VICTORY_POINTS_11562: "Maastricht"

 ### Great Britain and Ireland ##
 # England
 VICTORY_POINTS_322: "Norwich"
 VICTORY_POINTS_351: "Newcastle"
 VICTORY_POINTS_540: "Plymouth"
 VICTORY_POINTS_3301: "Shrewsbury"
 VICTORY_POINTS_3353: "Boston"
 VICTORY_POINTS_3369: "Bristol"
 VICTORY_POINTS_3501: "Dover"
 VICTORY_POINTS_6103: "London"
 VICTORY_POINTS_6237: "Nottingham"
 VICTORY_POINTS_6318: "Manchester"
 VICTORY_POINTS_6384: "Liverpool"
 VICTORY_POINTS_9239: "Oxford"
 VICTORY_POINTS_9269: "York"
 VICTORY_POINTS_9297: "Birmingham"
 VICTORY_POINTS_9315: "Sheffield"
 VICTORY_POINTS_9379: "Leeds"
 VICTORY_POINTS_9458: "Portsmouth"
 VICTORY_POINTS_11253: "Cambridge"
 VICTORY_POINTS_11279: "Leicester"
 VICTORY_POINTS_11297: "Hull"
 VICTORY_POINTS_11332: "Carlisle"
 VICTORY_POINTS_11382: "Doncaster"
 VICTORY_POINTS_11446: "Brighton"
 VICTORY_POINTS_13070: "Canterbury"

 # Ireland
 VICTORY_POINTS_385: "Londonderry"
 VICTORY_POINTS_3379: "Belfast"
 VICTORY_POINTS_6289: "Limerick"
 VICTORY_POINTS_7394: "Cork"
 VICTORY_POINTS_9303: "Galway"
 VICTORY_POINTS_11293: "Dublin"

 # Isle of Man
 VICTORY_POINTS_3311: "Douglas"

 # Scotland
 VICTORY_POINTS_3150: "Dundee"
 VICTORY_POINTS_3273: "Glasgow"
 VICTORY_POINTS_9075: "Inverness"
 VICTORY_POINTS_9392: "Edinburgh"
 VICTORY_POINTS_11064: "Scapa Flow"
 VICTORY_POINTS_11136: "Aberdeen"

 # Wales
 VICTORY_POINTS_377: "Cardiff"
 VICTORY_POINTS_407: "Swansea"
 VICTORY_POINTS_9364: "Colwyn Bay"

 ### GERMANY ###
 # Baden
 VICTORY_POINTS_3530: "Karlsruhe"
 VICTORY_POINTS_3679: "Konstanz"
 VICTORY_POINTS_6542: "Rastatt"
 VICTORY_POINTS_6568: "Heidelberg"
 VICTORY_POINTS_6712: "Freiburg"

 # Bavaria
 VICTORY_POINTS_532: "Passau"
 VICTORY_POINTS_563: "Kaiserslautern"
 VICTORY_POINTS_692: "Munich"
 VICTORY_POINTS_707: "Berchtesgaden"
 VICTORY_POINTS_3299: "Ingolstadt"
 VICTORY_POINTS_3541: "Regensburg"
 VICTORY_POINTS_3558: "Ludwigshafen"
 VICTORY_POINTS_3705: "Augsburg"
 VICTORY_POINTS_6421: "Bamberg"
 VICTORY_POINTS_9515: "Landshut"
 VICTORY_POINTS_9652: "Rosenheim"
 VICTORY_POINTS_9666: "Memmingen"
 VICTORY_POINTS_11404: "Bayreuth"
 VICTORY_POINTS_11417: "Würzburg"
 VICTORY_POINTS_11529: "Ansbach"
 VICTORY_POINTS_11544: "Nuremberg"

 # City States
 VICTORY_POINTS_3326: "Bremen"
 VICTORY_POINTS_6488: "Frankfurt"
 VICTORY_POINTS_9347: "Hamburg"
 VICTORY_POINTS_11331: "Lübeck"

 # Hanover
 VICTORY_POINTS_374: "Cuxhaven"
 VICTORY_POINTS_526: "Braunschweig"
 VICTORY_POINTS_3271: "Verden"
 VICTORY_POINTS_6298: "Lüneburg"
 VICTORY_POINTS_6349: "Stade"
 VICTORY_POINTS_6377: "Hanover"
 VICTORY_POINTS_11360: "Emden"
 VICTORY_POINTS_11388: "Osnabrück"
 VICTORY_POINTS_11493: "Göttingen"

 # Hesse
 VICTORY_POINTS_564: "Kassel"
 VICTORY_POINTS_589: "Darmstadt"
 VICTORY_POINTS_3524: "Gießen"
 VICTORY_POINTS_6444: "Wiesbaden"
 VICTORY_POINTS_11445: "Fulda"
 VICTORY_POINTS_11533: "Marburg"
 VICTORY_POINTS_11560: "Mainz"

 # Mecklenburg
 VICTORY_POINTS_321: "Rostock"
 VICTORY_POINTS_3258: "Neubrandenburg"
 VICTORY_POINTS_11305: "Schwerin"
 VICTORY_POINTS_13891: "Wismar"

 # Oldenburg
 VICTORY_POINTS_336: "Oldenburg"

 # Prussia
 VICTORY_POINTS_279: "Bromberg"
 VICTORY_POINTS_362: "Danzig"
 VICTORY_POINTS_375: "Neuruppin"
 VICTORY_POINTS_495: "Dortmund"
 VICTORY_POINTS_506: "Kattowitz"
 VICTORY_POINTS_537: "Landsberg"
 VICTORY_POINTS_552: "Glogau"
 VICTORY_POINTS_587: "Cologne"
 VICTORY_POINTS_3288: "Memel"
 VICTORY_POINTS_3295: "Thorn"
 VICTORY_POINTS_3380: "Marienburg"
 VICTORY_POINTS_3384: "Eydtkuhnen"
 VICTORY_POINTS_3499: "Potsdam"
 VICTORY_POINTS_3510: "Lissa"
 VICTORY_POINTS_3522: "Magdeburg"
 VICTORY_POINTS_3545: "Liegnitz"
 VICTORY_POINTS_3547: "Bonn"
 VICTORY_POINTS_3572: "Guben"
 VICTORY_POINTS_6282: "Stettin"
 VICTORY_POINTS_6332: "Königsberg"
 VICTORY_POINTS_6375: "Allenstein"
 VICTORY_POINTS_6390: "Stargard"
 VICTORY_POINTS_6402: "Elbing"
 VICTORY_POINTS_6469: "Essen"
 VICTORY_POINTS_6521: "Berlin"
 VICTORY_POINTS_6558: "Posen"
 VICTORY_POINTS_6570: "Düsseldorf"
 VICTORY_POINTS_6582: "Naumburg"
 VICTORY_POINTS_6622: "Münster"
 VICTORY_POINTS_6934: "Sigmaringen"
 VICTORY_POINTS_9334: "Kolberg"
 VICTORY_POINTS_9361: "Köslin"
 VICTORY_POINTS_9387: "Kreuz"
 VICTORY_POINTS_9388: "Stralsund"
 VICTORY_POINTS_9496: "Frankfurt"
 VICTORY_POINTS_9509: "Bielefeld"
 VICTORY_POINTS_9511: "Oppeln"
 VICTORY_POINTS_9522: "Aachen"
 VICTORY_POINTS_9535: "Görlitz"
 VICTORY_POINTS_9560: "Halle"
 VICTORY_POINTS_9570: "Breslau"
 VICTORY_POINTS_9575: "Trier"
 VICTORY_POINTS_11260: "Schneidemühl"
 VICTORY_POINTS_11288: "Neustettin"
 VICTORY_POINTS_11316: "Stolp"
 VICTORY_POINTS_11402: "Erfurt"
 VICTORY_POINTS_11415: "Cottbus"
 VICTORY_POINTS_11494: "Koblenz"
 VICTORY_POINTS_11531: "Saarbrücken"
 VICTORY_POINTS_13408: "Suhl"
 VICTORY_POINTS_13448: "Eupen"
 VICTORY_POINTS_13562: "Jadebucht"
 VICTORY_POINTS_13663: "Ratibor"

 # Saxony
 VICTORY_POINTS_514: "Dresden"
 VICTORY_POINTS_3535: "Leipzig"
 VICTORY_POINTS_6559: "Freiberg"
 VICTORY_POINTS_9441: "Plauen"
 VICTORY_POINTS_9471: "Zwickau"
 VICTORY_POINTS_11481: "Chemnitz"

 # Schleswig-Holstein
 VICTORY_POINTS_317: "Flensburg"
 VICTORY_POINTS_6389: "Kiel"
 VICTORY_POINTS_11251: "Sønderborg"

 # Thuringia
 VICTORY_POINTS_425: "Weimar"
 VICTORY_POINTS_482: "Coburg"
 VICTORY_POINTS_538: "Jena"
 VICTORY_POINTS_3500: "Gotha"
 VICTORY_POINTS_6501: "Gera"
 VICTORY_POINTS_13665: "Eisenach"
 VICTORY_POINTS_14285: "Altenburg"

 # Württemberg
 VICTORY_POINTS_519: "Stuttgart"
 VICTORY_POINTS_9545: "Heilbronn"
 VICTORY_POINTS_11499: "Ulm"

 ### AUSTRIAN EMPIRE ###
 # Austria
 VICTORY_POINTS_673: "Innsbruck"
 VICTORY_POINTS_688: "Salzburg"
 VICTORY_POINTS_9648: "Graz"
 VICTORY_POINTS_11651: "Linz"
 VICTORY_POINTS_11666: "Vienna"

 # Banat
 VICTORY_POINTS_9606: "Temeswar"
 VICTORY_POINTS_9621: "Subotica"

 # Bohemia-Moravia
 VICTORY_POINTS_494: "Hradec Králové"
 VICTORY_POINTS_583: "Pardubice"
 VICTORY_POINTS_3569: "Brno"
 VICTORY_POINTS_3585: "Karlovy Vary"
 VICTORY_POINTS_6418: "Plzeň"
 VICTORY_POINTS_6470: "Cheb"
 VICTORY_POINTS_6562: "Olomouc"
 VICTORY_POINTS_9541: "České Budějovice"
 VICTORY_POINTS_11401: "Liberec"
 VICTORY_POINTS_11432: "Teplice"
 VICTORY_POINTS_11542: "Prague"

 # Bukovina
 VICTORY_POINTS_6761: "Suceava"
 VICTORY_POINTS_13677: "Chernivtsi"

 # Croatia-Slavonia + Carniola/Krain + Coast
 VICTORY_POINTS_596: "Maribor"
 VICTORY_POINTS_6626: "Trieste"
 VICTORY_POINTS_9611: "Koprivnica"
 VICTORY_POINTS_9627: "Ljubljana"
 VICTORY_POINTS_11581: "Zagreb"
 VICTORY_POINTS_11735: "Pola"
 VICTORY_POINTS_14191: "Gorizia"
 VICTORY_POINTS_14195: "Fiume"

 # Dalmatia
 VICTORY_POINTS_3924: "Spalato"
 VICTORY_POINTS_3943: "Zara"
 VICTORY_POINTS_6889: "Ragusa"

 # Galicia-Lodomeria
 VICTORY_POINTS_442: "Tarnów"
 VICTORY_POINTS_6522: "Przemyśl"
 VICTORY_POINTS_9427: "Cracow"
 VICTORY_POINTS_11411: "Stanisławów"
 VICTORY_POINTS_11479: "Lviv"

 # Hungary
 VICTORY_POINTS_684: "Szolnok"
 VICTORY_POINTS_686: "Sopron"
 VICTORY_POINTS_3617: "Novi Sad"
 VICTORY_POINTS_6682: "Arad"
 VICTORY_POINTS_6700: "Szeged"
 VICTORY_POINTS_6720: "Györ"
 VICTORY_POINTS_6751: "Miskolc"
 VICTORY_POINTS_9660: "Buda-Pesth"
 VICTORY_POINTS_11610: "Pécs"
 VICTORY_POINTS_11659: "Debrecen"
 VICTORY_POINTS_11691: "Ungvár"

 # Slovakia
 VICTORY_POINTS_3581: "Prešov"
 VICTORY_POINTS_6573: "Košice"
 VICTORY_POINTS_9692: "Prešporok"

 # Transylvania
 VICTORY_POINTS_690: "Brasov"
 VICTORY_POINTS_3696: "Oradea"
 VICTORY_POINTS_6711: "Cluj"

 # Trentino - South Tyrol
 VICTORY_POINTS_6675: "Bozen"
 VICTORY_POINTS_11598: "Trento"

 ### SWITZERLAND ###
 VICTORY_POINTS_663: "Zürich"
 VICTORY_POINTS_6666: "Geneva"
 VICTORY_POINTS_9620: "Bern"
 VICTORY_POINTS_9638: "Basel"
 VICTORY_POINTS_11623: "St. Gallen"

 ### RUSSIAN EMPIRE ###
 # Belarus
 VICTORY_POINTS_294: "Barysaw"
 VICTORY_POINTS_3309: "Baranovichi"
 VICTORY_POINTS_3350: "Bobruysk"
 VICTORY_POINTS_3392: "Brzesc Litewski"
 VICTORY_POINTS_3393: "Grodno"
 VICTORY_POINTS_6232: "Mozyr"
 VICTORY_POINTS_6326: "Polatsk"
 VICTORY_POINTS_6413: "Lida"
 VICTORY_POINTS_6415: "Pinsk"
 VICTORY_POINTS_9288: "Gomel"
 VICTORY_POINTS_9289: "Mogilev"
 VICTORY_POINTS_9359: "Nowogrodek"
 VICTORY_POINTS_11241: "Vitebsk"
 VICTORY_POINTS_11370: "Minsk"

 # Estonia
 VICTORY_POINTS_83: "Haapsalu"
 VICTORY_POINTS_592: "Vöru"
 VICTORY_POINTS_3152: "Reval"
 VICTORY_POINTS_9221: "Dorpat"
 VICTORY_POINTS_11127: "Rakvere"
 VICTORY_POINTS_11291: "Pärnu"

 # Latvia
 VICTORY_POINTS_222: "Rezegne"
 VICTORY_POINTS_310: "Daugavpils"
 VICTORY_POINTS_3296: "Ventspils"
 VICTORY_POINTS_6222: "Jelgava"
 VICTORY_POINTS_9262: "Liepaja"
 VICTORY_POINTS_9340: "Riga"
 VICTORY_POINTS_10323: "Ogre"
 VICTORY_POINTS_11246: "Saldus"

 # Lithuania
 VICTORY_POINTS_3272: "Marijampole"
 VICTORY_POINTS_3320: "Vilna"
 VICTORY_POINTS_6296: "Kaunas"
 VICTORY_POINTS_9404: "Ukmerge"
 VICTORY_POINTS_9438: "Panevezys"
 VICTORY_POINTS_9483:1 "Siauliai"
 VICTORY_POINTS_11498: "Utena"

 # Russia
 VICTORY_POINTS_117: "Novgorod"
 VICTORY_POINTS_121: "Yaroslavl"
 VICTORY_POINTS_306: "Smolensk"
 VICTORY_POINTS_387: "Velikiye Luki"
 VICTORY_POINTS_413: "Voronezh"
 VICTORY_POINTS_1278: "Ufa"
 VICTORY_POINTS_1459: "Tashkent"
 VICTORY_POINTS_1821: "Ekaterinburg"
 VICTORY_POINTS_3134: "Murmansk"
 VICTORY_POINTS_3140: "Tikhvin"
 VICTORY_POINTS_3151: "St. Petersburg"
 VICTORY_POINTS_3335: "Bryansk"
 VICTORY_POINTS_3338: "Arkhangelsk"
 VICTORY_POINTS_3529: "Tsaritsyn"
 VICTORY_POINTS_3578: "Saratov"
 VICTORY_POINTS_3580: "Kursk"
 VICTORY_POINTS_3734: "Ekaterinodar"
 VICTORY_POINTS_4659: "Tobolsk"
 VICTORY_POINTS_4724: "Krasnoyarsk"
 VICTORY_POINTS_4797: "Irkutsk"
 VICTORY_POINTS_6245: "Tver"
 VICTORY_POINTS_6262: "Tula"
 VICTORY_POINTS_6338: "Kazan"
 VICTORY_POINTS_6380: "Moscow"
 VICTORY_POINTS_7274: "Novonikolayevsk"
 VICTORY_POINTS_7375: "Perm"
 VICTORY_POINTS_7816: "Verkhneudinsk"
 VICTORY_POINTS_9355: "Oryol"
 VICTORY_POINTS_9367: "Lipetsk"
 VICTORY_POINTS_9417: "Rostov-on-Don"
 VICTORY_POINTS_9753: "Astrakhan"
 VICTORY_POINTS_10641: "Yakutsk"
 VICTORY_POINTS_10696: "Omsk"
 VICTORY_POINTS_11080: "Gatchina"
 VICTORY_POINTS_11159: "Petrozavodsk"
 VICTORY_POINTS_11202: "Pskov"
 VICTORY_POINTS_11225: "Samara"
 VICTORY_POINTS_11314: "Ryazan"
 VICTORY_POINTS_11336: "Roslavl"
 VICTORY_POINTS_11349: "Rzhev"
 VICTORY_POINTS_11375: "Nizhny Novgorod"

 # Ukraine
 VICTORY_POINTS_418: "Kharkov"
 VICTORY_POINTS_476: "Vinnytsia"
 VICTORY_POINTS_488: "Cherkasy"
 VICTORY_POINTS_513: "Lutsk"
 VICTORY_POINTS_525: "Kiev"
 VICTORY_POINTS_572: "Rowno"
 VICTORY_POINTS_3412: "Kowel"
 VICTORY_POINTS_3430: "Kamianets-Podilskyi"
 VICTORY_POINTS_3686: "Sevastopol"
 VICTORY_POINTS_3755: "Kherson"
 VICTORY_POINTS_6474: "Hughesovka"
 VICTORY_POINTS_9461: "Luganskiy Zavod"
 VICTORY_POINTS_9506: "Chernigov"
 VICTORY_POINTS_9680: "Kerch"
 VICTORY_POINTS_11437: "Ekaterinoslav"
 VICTORY_POINTS_11462: "Sumy"
 VICTORY_POINTS_11464: "Berdychiv"
 VICTORY_POINTS_11504: "Poltava"
 VICTORY_POINTS_11514: "Zhytomyr"
 VICTORY_POINTS_11561: "Krivoy Rog"
 VICTORY_POINTS_11670: "Odessa"
 VICTORY_POINTS_11683: "Mykolaiv"

 ### Scandinavia ###
 # Denmark
 VICTORY_POINTS_394: "Aalborg"
 VICTORY_POINTS_399: "Esbjerg"
 VICTORY_POINTS_3277: "Fredericia"
 VICTORY_POINTS_3325: "Odense"
 VICTORY_POINTS_6235: "Randers"
 VICTORY_POINTS_6287: "Copenhagen"
 VICTORY_POINTS_6361: "Rönne"
 VICTORY_POINTS_6364: "Aarhus"
 VICTORY_POINTS_13946: "Charlotte Amalie" #Danish West Indies

 # Faroe
 VICTORY_POINTS_13003: "Tórshavn"

 # Finland
 VICTORY_POINTS_158: "Oulu"
 VICTORY_POINTS_3083: "Turku"
 VICTORY_POINTS_3122: "Nikolaistad"
 VICTORY_POINTS_3137: "Tampere"
 VICTORY_POINTS_9194: "Salo"
 VICTORY_POINTS_9206: "Viipuri"
 VICTORY_POINTS_11105: "Helsinki"

 # Greenland
 VICTORY_POINTS_10245: "Godthåb"

 # Iceland
 VICTORY_POINTS_12674: "Reykjavik"

 # Norway
 VICTORY_POINTS_14: "Tønsberg"
 VICTORY_POINTS_22: "Hammerfest"
 VICTORY_POINTS_53: "Stavanger"
 VICTORY_POINTS_122: "Bergen"
 VICTORY_POINTS_179: "Kongsvinger"
 VICTORY_POINTS_3022: "Trondhjem"
 VICTORY_POINTS_3171: "Fredrikstad"
 VICTORY_POINTS_6115: "Christiania"
 VICTORY_POINTS_9116: "Piselvnes"
 VICTORY_POINTS_9126: "Bodø"
 VICTORY_POINTS_9296: "Christianssand"
 VICTORY_POINTS_11034: "Vardø"
 VICTORY_POINTS_11050: "Tromsø"
 VICTORY_POINTS_11151: "Fredrikshald"

 # Sweden
 VICTORY_POINTS_35: "Västerås"
 VICTORY_POINTS_46: "Östersund"
 VICTORY_POINTS_156: "Falun"
 VICTORY_POINTS_161: "Södertälje"
 VICTORY_POINTS_205: "Sundsvall"
 VICTORY_POINTS_242: "Växjö"
 VICTORY_POINTS_299: "Kalmar"
 VICTORY_POINTS_383: "Göteborg"
 VICTORY_POINTS_408: "Visby"
 VICTORY_POINTS_6050: "Stockholm"
 VICTORY_POINTS_6132: "Umeå"
 VICTORY_POINTS_6310: "Uddevalla"
 VICTORY_POINTS_6345: "Helsingborg"
 VICTORY_POINTS_6397: "Linköping"
 VICTORY_POINTS_6406: "Borås"
 VICTORY_POINTS_9108: "Luleå"
 VICTORY_POINTS_9149: "Uppsala"
 VICTORY_POINTS_9185: "Arboga"
 VICTORY_POINTS_9209: "Örebro"
 VICTORY_POINTS_9279: "Malmö"
 VICTORY_POINTS_9329: "Jönköping"
 VICTORY_POINTS_9393: "Norrköping"
 VICTORY_POINTS_11091: "Gävle"
 VICTORY_POINTS_11114: "Karlstad"
 VICTORY_POINTS_11160: "Kristianstad"
 VICTORY_POINTS_11188: "Eskilstuna"
 VICTORY_POINTS_11215: "Karlskrona"
 VICTORY_POINTS_11376: "Lund"
 VICTORY_POINTS_11380: "Nyköping"
 VICTORY_POINTS_11390: "Västervik"
 VICTORY_POINTS_13882: "Gustavia" #St. Barthélemy

 ######################
 ####### ZONE D #######
 ######################

 ######################
 ####### ZONE E #######
 ######################

 ######################
 ####### ZONE F #######
 ######################

  VICTORY_POINTS_9571: "Berdjansk"
 VICTORY_POINTS_3544: "Warsaw"
 VICTORY_POINTS_9508: "Łódź"
 VICTORY_POINTS_11506: "Paris"
 VICTORY_POINTS_9472: "Sedan"
 VICTORY_POINTS_11518: "Meaux"
 VICTORY_POINTS_6949: "Coulommiers"
 VICTORY_POINTS_6613: "Lyon"
 VICTORY_POINTS_9737: "Bordeaux"
 VICTORY_POINTS_11834: "Marseille"
 VICTORY_POINTS_575: "Dunkerque"
 VICTORY_POINTS_620: "Limoges"
 VICTORY_POINTS_678: "Mulhouse"
 VICTORY_POINTS_512: "Orleans"
 VICTORY_POINTS_3552: "Brest"
 VICTORY_POINTS_3594: "Vichy"
 VICTORY_POINTS_3652: "Dijon"
 VICTORY_POINTS_3671: "Tours"
 VICTORY_POINTS_3768: "Grenoble"
 VICTORY_POINTS_6449: "Cherbourg"
 VICTORY_POINTS_6536: "Lorient"
 VICTORY_POINTS_6657: "La Rochelle"
 VICTORY_POINTS_6766: "Toulouse"
 VICTORY_POINTS_8181: "Curitiba"
 VICTORY_POINTS_9434: "Le Havre"
 VICTORY_POINTS_9490: "Troyes"
 VICTORY_POINTS_9495: "Rennes"
 VICTORY_POINTS_9503: "Strasbourg"
 VICTORY_POINTS_9559: "Metz"
 VICTORY_POINTS_9642: "Besancon"
 VICTORY_POINTS_9898: "Montpellier"
 VICTORY_POINTS_9909: "Nice"
 VICTORY_POINTS_9853: "Perpignan"
 VICTORY_POINTS_6960: "Cette"
 VICTORY_POINTS_743: "Bayonne"
 VICTORY_POINTS_3523: "Laval"
 VICTORY_POINTS_3509: "Le Mans"
 VICTORY_POINTS_698: "Belfort"
 VICTORY_POINTS_752: "Albi"
 VICTORY_POINTS_11465: "Nantes"
 VICTORY_POINTS_11483: "Lille"
 VICTORY_POINTS_12581: "Kokand"
 VICTORY_POINTS_11516: "Nancy"
 VICTORY_POINTS_11548: "Calais"
 VICTORY_POINTS_11563: "Rouen"
 VICTORY_POINTS_13011: "Reims"
 VICTORY_POINTS_6634: "Pozarevac"
 VICTORY_POINTS_6998: "Kragujevac"
 VICTORY_POINTS_9906: "Niš"
 VICTORY_POINTS_11583: "Smederevo"
 VICTORY_POINTS_11586: "Belgrade"
 VICTORY_POINTS_3882: "Scupi"
 VICTORY_POINTS_9874: "Pristina"
 VICTORY_POINTS_9849: "Prizren"
 VICTORY_POINTS_13876: "Sarajevo"
 VICTORY_POINTS_949: "Sofia"
 VICTORY_POINTS_3796: "Pleven"
 VICTORY_POINTS_13674: "Vidin"
 VICTORY_POINTS_13740: "Nikopol"
#VICTORY_POINTS_6923: "Plovdiv"
 VICTORY_POINTS_9783: "Varna"
 VICTORY_POINTS_13673: "Bucharest"
 VICTORY_POINTS_3663: "Ploiesti"
 VICTORY_POINTS_9716: "Iasi"
 VICTORY_POINTS_9914: "Tyranna"
 VICTORY_POINTS_4109: "Athens"
 VICTORY_POINTS_9940: "Candia"
 VICTORY_POINTS_11818: "Saloniki"
 VICTORY_POINTS_12058: "Chania"
 VICTORY_POINTS_11747: "Angora"
 VICTORY_POINTS_9833: "Constantinople"
 VICTORY_POINTS_940: "Konya"
 VICTORY_POINTS_947: "Bursa"
 VICTORY_POINTS_4112: "Smyrna"
 VICTORY_POINTS_9893: "Gaziantep"
#VICTORY_POINTS_9932: "Trabzon"
 VICTORY_POINTS_4135: "Gibraltar"
 VICTORY_POINTS_11805: "Lisbon"
 VICTORY_POINTS_9817: "Porto"
 VICTORY_POINTS_9904: "Rome"
 VICTORY_POINTS_3780: "Milan"
 VICTORY_POINTS_819: "Naples"
 VICTORY_POINTS_6780: "Turin"
 VICTORY_POINTS_6788: "Genoa"
 VICTORY_POINTS_6606: "Bologna"
 VICTORY_POINTS_9924: "Rimini"
 VICTORY_POINTS_782: "Ravenna"
 VICTORY_POINTS_603: "Peschiera"
 VICTORY_POINTS_3604: "Legnago"
 VICTORY_POINTS_3657: "Verona"
 VICTORY_POINTS_6656: "Mantua"
 VICTORY_POINTS_9613: "Udine"
 VICTORY_POINTS_14287: "Tarvisio"
 VICTORY_POINTS_10074: "Palermo"
 VICTORY_POINTS_14288: "Venice"
 VICTORY_POINTS_11837: "Taranto"

 VICTORY_POINTS_957: "Yongmingcheng"
 VICTORY_POINTS_1591: "Fort Vernoye"
 VICTORY_POINTS_1599: "Tiflis"
 VICTORY_POINTS_3653: "Batumi"
 VICTORY_POINTS_3672: "Grozny"
 VICTORY_POINTS_3720: "Maikop"
 VICTORY_POINTS_7661: "Baku"
 VICTORY_POINTS_12023: "Yulin"
 VICTORY_POINTS_4177: "Jiangnan"
 VICTORY_POINTS_12189: "Boli"
 VICTORY_POINTS_12320: "Yerevan"
 VICTORY_POINTS_10627: "Belotsarsk"
 VICTORY_POINTS_4801: "Urga"
 VICTORY_POINTS_7799: "Uliastay"
 VICTORY_POINTS_7069: "Casablanca"
 VICTORY_POINTS_13843: "Tangier"
 VICTORY_POINTS_9945: "Tetouan"
 VICTORY_POINTS_10113: "Larache"
 VICTORY_POINTS_1145: "Algiers"
 VICTORY_POINTS_11969: "Tunis"
 VICTORY_POINTS_1149: "Tripoli"
 VICTORY_POINTS_11954: "Benghazi"
 VICTORY_POINTS_4047: "Sirte"
 VICTORY_POINTS_11921: "Sfax"
 VICTORY_POINTS_7162: "Sousse"
 VICTORY_POINTS_7077: "Kairouan"
 VICTORY_POINTS_1046: "El Kef"
 VICTORY_POINTS_7005: "Gabes"
 VICTORY_POINTS_9980: "Misrata"
 VICTORY_POINTS_1130: "Tobruk"
 VICTORY_POINTS_4076: "Alexandria"
 VICTORY_POINTS_11964: "Damietta"
 VICTORY_POINTS_11967: "Mersa Matruh"
 VICTORY_POINTS_1071: "El-Alamein"
 VICTORY_POINTS_7011: "Cairo"
 VICTORY_POINTS_4709: "Dihua"
 VICTORY_POINTS_5033: "Lhasa"
 VICTORY_POINTS_11913: "Tianjing"
 VICTORY_POINTS_6999: "Chongqing"
 VICTORY_POINTS_7014: "Shanghai"
 VICTORY_POINTS_9843: "Beijing"
 VICTORY_POINTS_1047: "Canton"
 VICTORY_POINTS_1069: "Jinan"
 VICTORY_POINTS_3992: "Nanchang"
 VICTORY_POINTS_4504: "Guiyang"
 VICTORY_POINTS_4619: "Hankou"
 VICTORY_POINTS_4925: "Chengdu"
 VICTORY_POINTS_7071: "Xiamen"
 VICTORY_POINTS_4028: "Guigang"
 VICTORY_POINTS_7097: "Changsha"
 VICTORY_POINTS_7101: "Changde"
 VICTORY_POINTS_7137: "Nanning"
 VICTORY_POINTS_7222: "Hefei"
 VICTORY_POINTS_7224: "Dushanbe"
 VICTORY_POINTS_9958: "Kaifeng"
 VICTORY_POINTS_10404: "Guilin"
 VICTORY_POINTS_12299: "Singapore"
 VICTORY_POINTS_12168: "Riau"
 VICTORY_POINTS_12304: "Kingston"
 VICTORY_POINTS_1330: "Rangoon"
 VICTORY_POINTS_1492: "Mandalay"
 VICTORY_POINTS_4425: "Myitkyina"
 VICTORY_POINTS_7329: "Kota Bharu"
 VICTORY_POINTS_10062: "Hong Kong"
 VICTORY_POINTS_10297: "Kuala Lumpur"
 VICTORY_POINTS_7408: "Bangkok"
 VICTORY_POINTS_1488: "Chiang Mai"
 VICTORY_POINTS_7236: "Hat Yai"
 VICTORY_POINTS_10438: "Nakhon Ratchasima"
 VICTORY_POINTS_4075: "Thang Long"
 VICTORY_POINTS_4401: "Gia Đinh"
 VICTORY_POINTS_1182: "Tokyo"
 VICTORY_POINTS_4000: "Nikkō"
 VICTORY_POINTS_1136: "Fuushimi"
 VICTORY_POINTS_7113: "Wakayama"
 VICTORY_POINTS_7016: "Hitachi"
 VICTORY_POINTS_1063: "Akita"
 VICTORY_POINTS_4054: "Ise"
 VICTORY_POINTS_7102: "Fukai"
 VICTORY_POINTS_1167: "Matsue"
 VICTORY_POINTS_10055: "Tottori"
 VICTORY_POINTS_7072: "Osaka"
 VICTORY_POINTS_13921: "Hyōgo"
 VICTORY_POINTS_4094: "Takumatsu"
 VICTORY_POINTS_7212: "Okayama"
 VICTORY_POINTS_13930: "Edo Port"
 VICTORY_POINTS_13931: "Yokohama"
 VICTORY_POINTS_9965: "Tokushima"
 VICTORY_POINTS_1025: "Kokura"
 VICTORY_POINTS_1092: "Hiroshima"
 VICTORY_POINTS_1117: "Niigata"
 VICTORY_POINTS_13929: "Niigata Port"
 VICTORY_POINTS_4102: "Kagoshima"
 VICTORY_POINTS_6994: "Aomori"
 VICTORY_POINTS_7087: "Shizuoka"
 VICTORY_POINTS_7169: "Sendai"
 VICTORY_POINTS_7197: "Kochi"
 VICTORY_POINTS_9950: "Nagasaki"
 VICTORY_POINTS_10032: "Kanazawa"
 VICTORY_POINTS_10125: "Nagoya"
 VICTORY_POINTS_10015: "Ueda"
 VICTORY_POINTS_1158: "Hizen"
 VICTORY_POINTS_10444: "Sapporo"
 VICTORY_POINTS_12421: "Asahigawa"
 VICTORY_POINTS_12446: "Toyohara"
 VICTORY_POINTS_11932: "Naha"
 VICTORY_POINTS_1150: "Lushun"
 VICTORY_POINTS_4572: "Hsinking"
 VICTORY_POINTS_4052: "Pyongyang"
 VICTORY_POINTS_4056: "Pusan"
 VICTORY_POINTS_7125: "Hanseong"
 VICTORY_POINTS_13916: "Ganghwasanseong Fortress"
 VICTORY_POINTS_4126: "Gwangju"
 VICTORY_POINTS_6822: "Cheongjin"
 VICTORY_POINTS_3981: "Hamheung"
 VICTORY_POINTS_11775: "Kanggye"
 VICTORY_POINTS_9790: "Anju"
 VICTORY_POINTS_1003: "Haeju"
 VICTORY_POINTS_12040: "Kaesong"
 VICTORY_POINTS_848: "Wonsan"
 VICTORY_POINTS_13870: "Chuncheon"
 VICTORY_POINTS_7021: "Gangneung"
 VICTORY_POINTS_7204: "Pyeongtaek"
 VICTORY_POINTS_11992: "Seosan"
 VICTORY_POINTS_12089: "Daegu"
 VICTORY_POINTS_4103: "Andong"
 VICTORY_POINTS_7186: "Taipeh"
 VICTORY_POINTS_10433: "Harbin"
 VICTORY_POINTS_11771: "Mukden"
 VICTORY_POINTS_10265: "Manila"
 VICTORY_POINTS_1221: "Batangas"
 VICTORY_POINTS_1415: "Dagupan"
 VICTORY_POINTS_4241: "Davao"
 VICTORY_POINTS_4288: "Calapan"
 VICTORY_POINTS_12118: "Cebu"
 VICTORY_POINTS_12213: "Aparri"
 VICTORY_POINTS_7381: "Batavia"
 VICTORY_POINTS_4608: "Soerabaja"
 VICTORY_POINTS_4652: "Medan"
 VICTORY_POINTS_10237: "Balikpapan"
 VICTORY_POINTS_10263: "Makassar"
 VICTORY_POINTS_12268: "Palembang"
 VICTORY_POINTS_12371: "Hollandia"
 VICTORY_POINTS_7859: "Canberra"
 VICTORY_POINTS_7798: "Melbourne"
 VICTORY_POINTS_12406: "Sydney"
 VICTORY_POINTS_1652: "Perth"
 VICTORY_POINTS_7520: "Newcastle"
 VICTORY_POINTS_7564: "Brisbane"
 VICTORY_POINTS_7566: "Townsville"
 VICTORY_POINTS_7669: "Darwin"
 VICTORY_POINTS_12910: "Adelaide"
 VICTORY_POINTS_1814: "Wellington"
 VICTORY_POINTS_2197: "Christchurch"
 VICTORY_POINTS_2211: "Dunedin"
 VICTORY_POINTS_4543: "Auckland"
 VICTORY_POINTS_2097: "Baghdad"
 VICTORY_POINTS_2089: "Basrah"
 VICTORY_POINTS_10106: "Mosul"
 VICTORY_POINTS_8123: "Kirkuk"
 VICTORY_POINTS_7994: "Hillah"
 VICTORY_POINTS_10760: "Muscat"
 VICTORY_POINTS_10840: "Sana'a"
 VICTORY_POINTS_8073: "Abha"
 VICTORY_POINTS_12727: "Riyadh"
 VICTORY_POINTS_13733: "Beirut"
 VICTORY_POINTS_1108: "Tripoli"
 VICTORY_POINTS_4111: "Damascus"
 VICTORY_POINTS_12473: "Aleppo"
 VICTORY_POINTS_1056: "Homs"
 VICTORY_POINTS_1088: "Latakia"
 VICTORY_POINTS_2013: "Deir ez-Zor"
 VICTORY_POINTS_1086: "Jerusalem"
 VICTORY_POINTS_7151: "Al-Salt"
 VICTORY_POINTS_10089: "Al-Karak"
 VICTORY_POINTS_10837: "Tehran"
 VICTORY_POINTS_1896: "Tabriz"
 VICTORY_POINTS_2026: "Isfahan"
 VICTORY_POINTS_5029: "Mashhad"
 VICTORY_POINTS_7953: "Ahvaz"
 VICTORY_POINTS_13551: "Al-Muhammara"
 VICTORY_POINTS_8117: "Shiraz"
 VICTORY_POINTS_10913: "Kerman"
 VICTORY_POINTS_10737: "Kabul"
 VICTORY_POINTS_4893: "Herat"
 VICTORY_POINTS_5003: "Maimana"
 VICTORY_POINTS_10414: "Merv"
 VICTORY_POINTS_7854: "Balkh"
 VICTORY_POINTS_5064: "Kandahar"
 VICTORY_POINTS_2070: "Zahedan"
 VICTORY_POINTS_12653: "Fayzabad"

 # Mexico
 VICTORY_POINTS_12461: "Tijuana"
 VICTORY_POINTS_1892: "Ensenada"
 VICTORY_POINTS_12736: "La Paz"
 VICTORY_POINTS_8012: "Nogales"
 VICTORY_POINTS_10765: "Hermosillo"
 VICTORY_POINTS_4908: "Guaymas"
 VICTORY_POINTS_4965: "Noj Kaaj Santa Cruz Xbalam Naj Kampokolché Kaaj"
 VICTORY_POINTS_8097: "Ciudad Juarez"
 VICTORY_POINTS_10830: "Chihuahua"
 VICTORY_POINTS_7973: "Torreón"
 VICTORY_POINTS_10746: "Monclova"
 #VICTORY_POINTS_10830: "Chihuahua"
 #VICTORY_POINTS_10830: "Chihuahua"
 #VICTORY_POINTS_10830: "Chihuahua"
 VICTORY_POINTS_4956: "San Luis Potosi"
 VICTORY_POINTS_12810: "Veracruz"
 VICTORY_POINTS_12835: "Monterrey"
 VICTORY_POINTS_13089: "Guadalajara"
 VICTORY_POINTS_10886: "Guatemala"
 VICTORY_POINTS_12823: "San Salvador"
 VICTORY_POINTS_12865: "Tegucigalpa"
 VICTORY_POINTS_12738: "Managua"
 VICTORY_POINTS_13722: "Bluefields"
 VICTORY_POINTS_13087: "San Jose"
 VICTORY_POINTS_7630: "Panama"
 VICTORY_POINTS_4641: "Port-au-Prince"
 VICTORY_POINTS_7660: "Santo Domingo"
 VICTORY_POINTS_13304: "Santiago de los Caballeros"
 VICTORY_POINTS_4598: "Puerto Plata"
 VICTORY_POINTS_12885: "Cayenne"
 VICTORY_POINTS_10747: "Bogota"
 VICTORY_POINTS_2023: "Medellin"
 VICTORY_POINTS_12790: "Cartagena"
 VICTORY_POINTS_8113: "Caracas"
 VICTORY_POINTS_1944: "Maracaibo"
 VICTORY_POINTS_12798: "Quito"
 VICTORY_POINTS_13687: "Lima"
 VICTORY_POINTS_13686: "Arequipa"
 VICTORY_POINTS_5230: "La Paz"
 VICTORY_POINTS_13567: "Asunción"
 VICTORY_POINTS_12466: "Rio de Janeiro"
 VICTORY_POINTS_5107: "Fortaleza"
 VICTORY_POINTS_5168: "Recife"
 VICTORY_POINTS_10447: "Porto Alegre"
 VICTORY_POINTS_10513: "São Paulo"
 VICTORY_POINTS_10946: "Salvador"
 VICTORY_POINTS_2227: "Paraíba"
 VICTORY_POINTS_10933: "Natal"
 VICTORY_POINTS_5153: "Teresina"
 VICTORY_POINTS_12933: "São Luís"
 VICTORY_POINTS_12853: "Belém"
 VICTORY_POINTS_10934: "Manaus"
 VICTORY_POINTS_8148: "Ouro Preto"
 VICTORY_POINTS_10362: "Montevideo"
 VICTORY_POINTS_12364: "Buenos Aires"
 VICTORY_POINTS_7500: "Rosario"
 VICTORY_POINTS_7621: "Mar del Plata"
 VICTORY_POINTS_8216: "Tucumán"
 VICTORY_POINTS_12942: "Córdoba"
 VICTORY_POINTS_1449: "Paraná"
 VICTORY_POINTS_650: "Santiago"
 VICTORY_POINTS_10400: "Pretoria"
 VICTORY_POINTS_10405: "Desterro"
 VICTORY_POINTS_8143: "Aracaju"
 VICTORY_POINTS_10998: "Maceió"
 VICTORY_POINTS_2111: "Cuiabá"
 #VICTORY_POINTS_10959: "Campo Grande"
 VICTORY_POINTS_12987: "Goiás"
 VICTORY_POINTS_1468: "Durban"
 VICTORY_POINTS_4696: "Port Elizabeth"
 VICTORY_POINTS_12589: "Cape Town"
 VICTORY_POINTS_8245: "Lourenco Marques"
 VICTORY_POINTS_8248: "Luanda"
 VICTORY_POINTS_10966: "Nova Lisboa"
 VICTORY_POINTS_10929: "Bindura"
 #VICTORY_POINTS_191: "Elisabethville"
 VICTORY_POINTS_13785: "Léopoldville"
 VICTORY_POINTS_8193: "Brazzaville"
 VICTORY_POINTS_5210: "Mombasa"
 VICTORY_POINTS_2050: "Lagos"
 VICTORY_POINTS_7959: "Monrovia"
 VICTORY_POINTS_4948: "Dakar"
 VICTORY_POINTS_14307: "Saint-Louis"
 VICTORY_POINTS_13213: "Médine"
 VICTORY_POINTS_14313: "Kansala"
 VICTORY_POINTS_10915: "Bafoulabe"
 VICTORY_POINTS_12766: "Asmara"
 VICTORY_POINTS_12806: "Khartoum"
 VICTORY_POINTS_1269: "Guadalcanal"
 VICTORY_POINTS_3995: "Saipan"
 VICTORY_POINTS_4226: "Buin"
 VICTORY_POINTS_4268: "Noumea"
 VICTORY_POINTS_4329: "Port Moresby"
 VICTORY_POINTS_2489: "Truk"
 VICTORY_POINTS_4357: "North Palau"
 VICTORY_POINTS_7251: "Rabaul"
 VICTORY_POINTS_7302: "Suva"
 VICTORY_POINTS_12140: "Guam"
 VICTORY_POINTS_12237: "Lae"
 VICTORY_POINTS_13021: "Tarawa"
 VICTORY_POINTS_13025: "Iwo Jima"
 VICTORY_POINTS_13028: "Yap"
 VICTORY_POINTS_13038: "Nauru"
 VICTORY_POINTS_13041: "Kwajalein"
 VICTORY_POINTS_13046: "Eniwetok"
 VICTORY_POINTS_13047: "Wake"
 VICTORY_POINTS_13052: "Midway"
 VICTORY_POINTS_4286: "Suva"
 VICTORY_POINTS_5010: "Addis Ababa"
 VICTORY_POINTS_1984: "Gondar"
 VICTORY_POINTS_7980: "Harar"
 VICTORY_POINTS_1319: "Kunming"
 VICTORY_POINTS_8049: "Yan'an"
 VICTORY_POINTS_1519: "Taiyuan"
 VICTORY_POINTS_657: "Chostanza"
 VICTORY_POINTS_11573: "Chambéry"
 VICTORY_POINTS_890: "Düzce"
 VICTORY_POINTS_911: "Toulon"
 VICTORY_POINTS_967: "Ancona"
 VICTORY_POINTS_1005: "Adalia"
 VICTORY_POINTS_1070: "Haikou"
 VICTORY_POINTS_1440: "San Juan"
 VICTORY_POINTS_1751: "Ponta Delgada"
 VICTORY_POINTS_2038: "Freetown"
 VICTORY_POINTS_2045: "Tianshui"
 VICTORY_POINTS_2189: "Hobart"
 VICTORY_POINTS_2196: "Dar es Salaam"
 VICTORY_POINTS_3838: "Ajáccio"
 VICTORY_POINTS_4159: "Messina"
 VICTORY_POINTS_4189: "Macau"
 VICTORY_POINTS_4206: "Jaffa"
 VICTORY_POINTS_1065: "Acre"
 VICTORY_POINTS_7107: "Nablus"
 VICTORY_POINTS_13885: "Gaza"
 VICTORY_POINTS_5074: "Aden"
 VICTORY_POINTS_14140: "La Spezia"
 VICTORY_POINTS_6984: "Baltimore"
 VICTORY_POINTS_7132: "Oran"
 VICTORY_POINTS_7371: "Bandar Brunei"
 VICTORY_POINTS_7617: "Colón"
 VICTORY_POINTS_7940: "Golmud"
 VICTORY_POINTS_7960: "Abu Dhabi"
 VICTORY_POINTS_7965: "Dali"
 VICTORY_POINTS_7982: "Bandar e'Abbas"
 VICTORY_POINTS_8085: "Kuwait City"
 VICTORY_POINTS_8051: "Doha"
 VICTORY_POINTS_13769: "Manama"
 VICTORY_POINTS_8252: "Guayaquil"
 VICTORY_POINTS_10942: "Zarumilla"
 VICTORY_POINTS_9907: "Florence"
 VICTORY_POINTS_9994: "Bizerte"
 VICTORY_POINTS_10007: "Rhodes"
 VICTORY_POINTS_10367: "Attu Island"
 VICTORY_POINTS_10862: "Accra"
 VICTORY_POINTS_11746: "Adania"
 VICTORY_POINTS_11773: "Cagliari"
 VICTORY_POINTS_12003: "Valletta"
 VICTORY_POINTS_1200: "Yantai"
 VICTORY_POINTS_12068: "Takow"
 VICTORY_POINTS_12732: "Lanzhou"
 VICTORY_POINTS_10835: "Medina"
 VICTORY_POINTS_12991: "Mogadishu"
 VICTORY_POINTS_10919: "Abomey"
 VICTORY_POINTS_9292: "Chelyabinsk"
 VICTORY_POINTS_4333: "Akmolinsk"
 VICTORY_POINTS_11752: "Kalgan"
 VICTORY_POINTS_1976: "Xi'an"
 VICTORY_POINTS_4879: "Barmen"
 VICTORY_POINTS_13241: "Bloemfontein"
 VICTORY_POINTS_13255: "Vrede"
 VICTORY_POINTS_13254: "Harrismith"
 VICTORY_POINTS_13237: "Philippolis"
 VICTORY_POINTS_13240: "Jagersfontein"
 VICTORY_POINTS_13252: "Heilbron"
 VICTORY_POINTS_13245: "Ficksburg"
 VICTORY_POINTS_13248: "Winburg"
 VICTORY_POINTS_13247: "Kameeldoorns"
 VICTORY_POINTS_5231: "Jacobsdal"
 VICTORY_POINTS_4556: "Maseru"
 VICTORY_POINTS_13260: "Thaba Bosiu"
 VICTORY_POINTS_13310: "Les Cayes"
 VICTORY_POINTS_13302: "Port-de-Paix"
 VICTORY_POINTS_13311: "Mbarara"
 VICTORY_POINTS_13329: "Bonny"
 VICTORY_POINTS_13331: "Okrika"
 VICTORY_POINTS_13330: "Elem Kalabari"
 VICTORY_POINTS_13332: "Opobo"
 VICTORY_POINTS_13334: "Akwa Akpa"
 VICTORY_POINTS_13336: "Arochukwu"
 VICTORY_POINTS_13343: "Inkamana"
 VICTORY_POINTS_13341: "uluNdi"
 VICTORY_POINTS_13338: "uMgungundlovu"
 VICTORY_POINTS_1951: "Togo"
 VICTORY_POINTS_13354: "Massenya"
 VICTORY_POINTS_13363: "Diourbel"
 VICTORY_POINTS_13366: "Olivenza"
 VICTORY_POINTS_6790: "Piacenza"
 VICTORY_POINTS_14141: "Parma"
 VICTORY_POINTS_10203: "Corfu"
 VICTORY_POINTS_9752: "Modena"
 VICTORY_POINTS_12862: "Gedaref"
 VICTORY_POINTS_10877: "Fashoda"
 VICTORY_POINTS_2220: "Usumbura"
 VICTORY_POINTS_9962: "Nyanza"
 VICTORY_POINTS_1473: "Ouara"
 VICTORY_POINTS_13376: "Ondonga"
 VICTORY_POINTS_13390: "Omatako"
 VICTORY_POINTS_2207: "Otjinibingue"
 VICTORY_POINTS_13389: "Gibeon"
 VICTORY_POINTS_13385: "Bersaba"
 VICTORY_POINTS_13384: "Bethan"
 VICTORY_POINTS_11015: "Antanarivo"
 VICTORY_POINTS_5222: "Vohemar"
 VICTORY_POINTS_5128: "Port Louis"
 VICTORY_POINTS_5185: "Solinga"
 VICTORY_POINTS_8180: "Mauteruke"
 VICTORY_POINTS_5065: "Warsheikh"
 VICTORY_POINTS_2020: "Mekana"
 VICTORY_POINTS_2063: "Berdera"
 VICTORY_POINTS_10928: "Afgooye"
 VICTORY_POINTS_9: "Zanzibar"
 VICTORY_POINTS_4913: "Tintellust"
 VICTORY_POINTS_3962: "Hakodate"
 VICTORY_POINTS_2057: "Ha'il"
 VICTORY_POINTS_11535: "Caen"
 VICTORY_POINTS_9809: "Podgorica"
 VICTORY_POINTS_7129: "Heze"
 VICTORY_POINTS_4628: "Baise"
 VICTORY_POINTS_10070: "Rabat"
 VICTORY_POINTS_1102: "Mugadur"
 VICTORY_POINTS_1597: "Liuzhou"
 VICTORY_POINTS_11943: "Safi"
 VICTORY_POINTS_7100: "Meknès"
 VICTORY_POINTS_11987: "Fès"
 VICTORY_POINTS_10107: "Marrakesh"
 VICTORY_POINTS_13514: "Tamanrasset"
 VICTORY_POINTS_1126: "Laghouat"
 VICTORY_POINTS_1115: "Taudeni"
 VICTORY_POINTS_10868: "Mabruk"
 VICTORY_POINTS_10725: "Arawan"
 VICTORY_POINTS_10788: "Timbuktu"
 VICTORY_POINTS_2044: "Hamdullahi"
 VICTORY_POINTS_14336: "Bandiagara"
 VICTORY_POINTS_13282: "Odienne"
 VICTORY_POINTS_13291: "Bouna"
 VICTORY_POINTS_13292: "Kong"
 VICTORY_POINTS_13348: "Sakassou"
 VICTORY_POINTS_1962: "Tisht"
 VICTORY_POINTS_1897: "Nema"
 VICTORY_POINTS_13371: "Dekna"
 VICTORY_POINTS_13403: "Kasambara"
 VICTORY_POINTS_13487: "Ghat"
 VICTORY_POINTS_12022: "Qatrun"
 VICTORY_POINTS_13512: "Murzuk"
 VICTORY_POINTS_7985: "Wau"
 VICTORY_POINTS_4191: "Kebabo"
 VICTORY_POINTS_10893: "Tao"
 VICTORY_POINTS_5101: "Gao"
 VICTORY_POINTS_8069: "Sella"
 VICTORY_POINTS_1060: "Jaghbub"
 VICTORY_POINTS_4051: "Gharyan"
 VICTORY_POINTS_13482: "Ghadames"
 VICTORY_POINTS_7154: "Zintan"
 VICTORY_POINTS_1043: "Temassanin"
 VICTORY_POINTS_12764: "Siwah"
 VICTORY_POINTS_7144: "Minya"
 VICTORY_POINTS_1028: "Aswan"
 VICTORY_POINTS_1068: "Faiyum"
 VICTORY_POINTS_12711: "Beni Abbas"
 VICTORY_POINTS_1901: "el-Kelaa"
 VICTORY_POINTS_8046: "Ouarzazate"
 VICTORY_POINTS_1151: "Qena"
 VICTORY_POINTS_776: "Novara"
 VICTORY_POINTS_770: "Cuneo"
 VICTORY_POINTS_11568: "Brescia"
 VICTORY_POINTS_773: "Cremona"
 VICTORY_POINTS_6793: "Ferrara"
 VICTORY_POINTS_6946: "Livorno"
 VICTORY_POINTS_9879: "Arezzo"
 VICTORY_POINTS_955: "Salerno"
 VICTORY_POINTS_6843: "Bari"
 VICTORY_POINTS_3901: "Cosenza"
 VICTORY_POINTS_9990: "Reggio Calabria"
 VICTORY_POINTS_4014: "Catania"
 VICTORY_POINTS_8105: "Wadi Halfa"
 VICTORY_POINTS_11974: "Asyut"
 VICTORY_POINTS_12806: "Khartoum"
 VICTORY_POINTS_7989: "Abu Hamed"
 VICTORY_POINTS_12725: "Suakin"
 VICTORY_POINTS_12796: "Kora"
 VICTORY_POINTS_4963: "Dongola"
 VICTORY_POINTS_10739: "Fasher"
 VICTORY_POINTS_2016: "El Obied"
 VICTORY_POINTS_4902: "Wajanga"
 VICTORY_POINTS_8128: "Bilma"
 VICTORY_POINTS_1956: "Kufe"
 VICTORY_POINTS_8028: "Maradi"
 VICTORY_POINTS_10758: "Zinder"
 VICTORY_POINTS_10805: "Mashena"
 VICTORY_POINTS_10780: "Birni"
 VICTORY_POINTS_11699: "Pau"
 VICTORY_POINTS_11720: "Bergerac"
 VICTORY_POINTS_590: "Clermont-Ferrand"
 VICTORY_POINTS_629: "Poitiers"
 VICTORY_POINTS_485: "Dieppe"
 VICTORY_POINTS_9561: "Compiegne"
 VICTORY_POINTS_11488: "Saint-Dizier"
 VICTORY_POINTS_5291: "Verdun"
 VICTORY_POINTS_6933: "Beja"
 VICTORY_POINTS_6880: "Faro"
 VICTORY_POINTS_11672: "Roman"
 VICTORY_POINTS_6706: "Galati"
 VICTORY_POINTS_3639: "Pitesti"
 VICTORY_POINTS_6652: "Craiova"
 VICTORY_POINTS_11572: "Zenica"
 VICTORY_POINTS_9894: "Mostar"
 VICTORY_POINTS_606: "Tuzla"
 VICTORY_POINTS_6983: "Banja Luka"
 VICTORY_POINTS_7211: "Patras"
 VICTORY_POINTS_974: "Monastir"
 VICTORY_POINTS_9930: "Kavala"
 VICTORY_POINTS_849: "Gallipoli"
 VICTORY_POINTS_909: "Eskişehir"
 VICTORY_POINTS_10056: "Mersin"
 VICTORY_POINTS_9941: "Bodrum"
 VICTORY_POINTS_785: "Balikesir"
 VICTORY_POINTS_11866: "Zonguldak"
 VICTORY_POINTS_12883: "Mecca"
 VICTORY_POINTS_11979: "Arish"
 VICTORY_POINTS_10901: "Sakaka"
 VICTORY_POINTS_10876: "Karbala"
 VICTORY_POINTS_2027: "Tabuk"
 VICTORY_POINTS_4968: "Buraydah"
 VICTORY_POINTS_1634: "Ar Raqqah"
 VICTORY_POINTS_11739: "Diyarbekir"
 VICTORY_POINTS_7620: "Malatya"
 VICTORY_POINTS_9614: "Silistra"
 VICTORY_POINTS_11597: "Dobrich"
 VICTORY_POINTS_649: "Razgrad"
 VICTORY_POINTS_9612: "Ruse"
 VICTORY_POINTS_9769: "Shumen"
 VICTORY_POINTS_9902: "Burgas"
 VICTORY_POINTS_12416: "Mardin"
 VICTORY_POINTS_9823: "Urfa"
 VICTORY_POINTS_1463: "Yüksekova"
 VICTORY_POINTS_6935: "Van"
 VICTORY_POINTS_11880: "Ahlat"
 VICTORY_POINTS_804: "Kirikkale"
 VICTORY_POINTS_14444: "Erzurum"
 VICTORY_POINTS_10472: "Kars"
 VICTORY_POINTS_9932: "Rize"
 VICTORY_POINTS_11826: "Sorgun"
 VICTORY_POINTS_3870: "Kayseri"
 VICTORY_POINTS_6895: "Çorlu"
 VICTORY_POINTS_11984: "Nicosia"
 VICTORY_POINTS_12821: "Mukalla"
 VICTORY_POINTS_14282: "Ash-Shihr"
 VICTORY_POINTS_13079: "Qishn"
 VICTORY_POINTS_14281: "Seiyun"
 VICTORY_POINTS_4976: "Tarim"
 VICTORY_POINTS_2103: "Salalah"
 VICTORY_POINTS_8020: "Sur"
 VICTORY_POINTS_4993: "Sohar"
 VICTORY_POINTS_12773: "Kermanshah"
 VICTORY_POINTS_829: "Ilam"
 VICTORY_POINTS_7604: "Khoy"
 VICTORY_POINTS_4755: "Marand"
 VICTORY_POINTS_12861: "Bonab"
 VICTORY_POINTS_10768: "Babol"
 VICTORY_POINTS_10385: "Behshahr"
 VICTORY_POINTS_7602: "Gorgon"
 VICTORY_POINTS_4580: "Chalus"
 VICTORY_POINTS_4609: "Rasht"
 VICTORY_POINTS_4637: "Lahijan"
 VICTORY_POINTS_6259: "Płock"
 VICTORY_POINTS_3230: "Włocławek"
 VICTORY_POINTS_402: "Siedlce"
 VICTORY_POINTS_9439: "Konin"
 VICTORY_POINTS_9546: "Kalisz"
 VICTORY_POINTS_3458: "Radom"
 VICTORY_POINTS_3497: "Kielce"
 VICTORY_POINTS_3586: "Częstochowa"
 VICTORY_POINTS_9544: "Biała Podlaska"
 VICTORY_POINTS_11399: "Lublin"
 VICTORY_POINTS_347: "Bialystok"
 VICTORY_POINTS_11301: "Lomza"
 VICTORY_POINTS_400: "Augustów"
 VICTORY_POINTS_3254: "Suwałki"
 VICTORY_POINTS_10221: "Suphan Buri"
 VICTORY_POINTS_1990: "Chiang Rai"
 VICTORY_POINTS_7516: "Bueng Kan"
#VICTORY_POINTS_12417: "Ubon Ratachathani"
 VICTORY_POINTS_7376: "Phnom Penh"
 VICTORY_POINTS_7404: "Krong Preah"
 VICTORY_POINTS_4302: "Krong Siem Reap"
 VICTORY_POINTS_10134: "Krong Poi Pet"
 VICTORY_POINTS_1464: "Vientiane"
 VICTORY_POINTS_7426: "Sekong"
 VICTORY_POINTS_1374: "Pakse"
 VICTORY_POINTS_7218: "Sam Nuea"
 VICTORY_POINTS_12433: "Luang Prabang"
 VICTORY_POINTS_4119: "Vi Hoàng"
 VICTORY_POINTS_4397: "Phuong Hoang Trung Đo"
 VICTORY_POINTS_7280: "Đong Hoi"
 VICTORY_POINTS_11936: "Thanh Hoá"
 VICTORY_POINTS_10309: "Cau Hàn"
 VICTORY_POINTS_12065: "Cao Bang"
 VICTORY_POINTS_1073: "Tuyên Quang"
 VICTORY_POINTS_4529: "Dien Bien Phu"
 VICTORY_POINTS_9988: "Muang Xieng Phuan"
 VICTORY_POINTS_4255: "Quang Ngãi"
 VICTORY_POINTS_4334: "Quy Nhon"
 VICTORY_POINTS_1400: "Buon Me Thuot"
 VICTORY_POINTS_10261: "Tay Ninh"
 VICTORY_POINTS_7347: "Tran Bien"
 VICTORY_POINTS_12204: "Bal Canar"
 VICTORY_POINTS_10356: "Kenethao"
 VICTORY_POINTS_4539: "Savannakhet"
 VICTORY_POINTS_1592: "Champasak"
 VICTORY_POINTS_12402: "Roi-Et"
 VICTORY_POINTS_12230: "Phang-Nga"
 VICTORY_POINTS_1279: "Narathiwat"
 VICTORY_POINTS_4566: "Kanchanaburi"
 VICTORY_POINTS_10293: "Sa Kaeo"
 VICTORY_POINTS_12417: "Ubon Ratachathani"
 VICTORY_POINTS_12345: "Phitsanulok"
 VICTORY_POINTS_7559: "Tak"

 VICTORY_POINTS_13915: "Hagi"
 VICTORY_POINTS_13447: "Andorra la Vella"
 VICTORY_POINTS_13298: "Vatican"
 VICTORY_POINTS_13299: "San Marino"
 VICTORY_POINTS_4656: "Napo"
 VICTORY_POINTS_4077: "Yeweixiang"
 VICTORY_POINTS_10058: "Taizhou"
 VICTORY_POINTS_7007: "Jingdezhen"
 VICTORY_POINTS_7054: "Shangrao"
 VICTORY_POINTS_7199: "Ganzhou"
 VICTORY_POINTS_10086: "Jinhua"
 VICTORY_POINTS_10501: "Ji'an"
 VICTORY_POINTS_11991: "Shaoxing"
 VICTORY_POINTS_4078: "Tripoli"
 VICTORY_POINTS_3973: "Quluz"
 VICTORY_POINTS_3914: "Yanina"
 VICTORY_POINTS_12001: "Agrinio"
 VICTORY_POINTS_11960: "Kyoto"
 VICTORY_POINTS_13666: "Macapá"
 VICTORY_POINTS_13622: "Arica"
 VICTORY_POINTS_5131: "Iquique"
 VICTORY_POINTS_12994: "Antofagasta"
 VICTORY_POINTS_5171: "Chanaral"
 VICTORY_POINTS_13645: "Coquimbo"
 VICTORY_POINTS_13649: "Valparaiso"
 VICTORY_POINTS_13650: "San Antonio"
 VICTORY_POINTS_13651: "Rancagua"
 VICTORY_POINTS_13653: "San Vicente"
 VICTORY_POINTS_12984: "Talcahuano"
 VICTORY_POINTS_13656: "Temuco"
 VICTORY_POINTS_12954: "Puerto Montt"
 VICTORY_POINTS_5201: "Punta Arenas"
 VICTORY_POINTS_13584: "Salto"
 VICTORY_POINTS_13594: "Tacuarembo"
 VICTORY_POINTS_13596: "Rivera"
 VICTORY_POINTS_13602: "Melo"
 VICTORY_POINTS_12481: "Treinta y Tres"
 VICTORY_POINTS_13604: "Rocha"
 VICTORY_POINTS_13606: "Minas"
 VICTORY_POINTS_13611: "Florida"
 VICTORY_POINTS_13614: "San Jose"
 VICTORY_POINTS_12496: "Trinidad"
 VICTORY_POINTS_4457: "Colonia del Sacramento"
 VICTORY_POINTS_10502: "Mercedes"
 VICTORY_POINTS_13616: "Fray Bentos"
 VICTORY_POINTS_13621: "Durazno"
 VICTORY_POINTS_13667: "Koba"
 VICTORY_POINTS_13668: "St. Friedrichsburg"
 VICTORY_POINTS_13669: "Porto-Novo"
 VICTORY_POINTS_13683: "Vaduz"
 VICTORY_POINTS_8199: "Trujilo"
 VICTORY_POINTS_13701: "Heidelburg"
 VICTORY_POINTS_1688: "Pietersburg"
 VICTORY_POINTS_2171: "Ermelo"
 VICTORY_POINTS_7900: "Lobamba"
 VICTORY_POINTS_12901: "Ciudad del Este"
 VICTORY_POINTS_2152: "San Lorenzo"
 VICTORY_POINTS_13579: "Pedro Juan Caballero"
 VICTORY_POINTS_13568: "Caaguazú"
 VICTORY_POINTS_13573: "Concepción"
 VICTORY_POINTS_13707: "Griekwastad"
 VICTORY_POINTS_8249: "Broken Hill"
 VICTORY_POINTS_10682: "Wagga Wagga"
 VICTORY_POINTS_12377: "Dubbo"
 VICTORY_POINTS_4478: "Tamworth"
 VICTORY_POINTS_7450: "Coffs Harbour"
 VICTORY_POINTS_12576: "Bendigo"
 VICTORY_POINTS_2130: "Mildura"
 VICTORY_POINTS_4791: "Warrnambool"
 VICTORY_POINTS_10581: "Albury"
 VICTORY_POINTS_5181: "Lanuceston"
 VICTORY_POINTS_2219: "Port Lincoln"
 VICTORY_POINTS_5225: "Port Augusta"
 VICTORY_POINTS_8220: "Smoky Bay"
 VICTORY_POINTS_12906: "Coober Pedy"
 VICTORY_POINTS_1773: "Mount Gambier"
 VICTORY_POINTS_5197: "Yalata"
 VICTORY_POINTS_10445: "Gold Coast"
 VICTORY_POINTS_4481: "Bundaberg"
 VICTORY_POINTS_7651: "Rockhampton"
 VICTORY_POINTS_10460: "Mackay"
 VICTORY_POINTS_10336: "Longreach"
 VICTORY_POINTS_10955: "Mount Isa"
 VICTORY_POINTS_10378: "Cairns"
 VICTORY_POINTS_7506: "Pormpuraaw"
 VICTORY_POINTS_12957: "Carpentaria"
 VICTORY_POINTS_12992: "Alice Springs"
 VICTORY_POINTS_2223: "Sandover"
 VICTORY_POINTS_7481: "Borroloola"
 VICTORY_POINTS_1410: "Nhulunbuy"
 VICTORY_POINTS_12104: "Katherine"
 VICTORY_POINTS_12311: "Timber Creek"
 VICTORY_POINTS_12990: "Esperance"
 VICTORY_POINTS_8243: "Albany"
 VICTORY_POINTS_1540: "Geraldton"
 VICTORY_POINTS_12323: "Carnarvon"
 VICTORY_POINTS_4645: "Coral Bay"
 VICTORY_POINTS_8152: "Karratha"
 VICTORY_POINTS_2201: "Broome"
 VICTORY_POINTS_10950: "Newman"
 VICTORY_POINTS_8134: "Ngaanyatjarra-Giles"
 VICTORY_POINTS_8209: "Derby"
 VICTORY_POINTS_10937: "Halls Creek"
 VICTORY_POINTS_5207: "Kununurra"
 VICTORY_POINTS_13719: "Monaco"
 VICTORY_POINTS_13716: "Campbell"
 VICTORY_POINTS_13726: "Qinzhou"
 VICTORY_POINTS_11981: "Zhanjiang"
 VICTORY_POINTS_13728: "Shantou"
 VICTORY_POINTS_13729: "Fuzhou"
 VICTORY_POINTS_1628: "Jiujiang"
 VICTORY_POINTS_13731: "Ningbo"
 VICTORY_POINTS_13732: "Hangzhou"
 VICTORY_POINTS_10076: "Suzhou"
 VICTORY_POINTS_13736: "Yancheng"
 VICTORY_POINTS_13737: "Jiaozhou"
 VICTORY_POINTS_13738: "Weihaiwei"
 VICTORY_POINTS_13741: "Tianjin"
 VICTORY_POINTS_13744: "Andong"
 VICTORY_POINTS_1404: "Tanjung Palas"
 VICTORY_POINTS_1306: "Astana Putih"
 VICTORY_POINTS_13758: "Padang"
 VICTORY_POINTS_13756: "Sambas"
 VICTORY_POINTS_13746: "Kupang"
 VICTORY_POINTS_1316: "Mandor"
 VICTORY_POINTS_13757: "Sorong"
 VICTORY_POINTS_13749: "Amlapura"
 VICTORY_POINTS_13748: "Mangsit"
 VICTORY_POINTS_12234: "Tapil"
 VICTORY_POINTS_6923: "Philippopolis"
 VICTORY_POINTS_13816: "Adrianople"
 VICTORY_POINTS_6900: "Kortsha"
 VICTORY_POINTS_11767: "Avlona"
 VICTORY_POINTS_11764: "Yingkou"
 VICTORY_POINTS_9821: "Cetinje"
 VICTORY_POINTS_2149: "Neuquen"
 VICTORY_POINTS_10953: "Comodoro Rivadavia"
 VICTORY_POINTS_13787: "Sao Salvador"
 VICTORY_POINTS_9645: "Gimri"
 VICTORY_POINTS_3698: "Sochi"
 VICTORY_POINTS_12029: "Antakya"
 VICTORY_POINTS_13774: "Vathy"
 VICTORY_POINTS_13819: "Strumica"

# Pakistan
 VICTORY_POINTS_13947: "Gwadar"
 VICTORY_POINTS_1179: "Bela"
 VICTORY_POINTS_8013: "Kalat"
 VICTORY_POINTS_12761: "Kharan"
 VICTORY_POINTS_8098: "Quetta"
 VICTORY_POINTS_4998: "Ismail Khan"
 VICTORY_POINTS_12763: "Peshawar"
 VICTORY_POINTS_4979: "Islamabad" # Rawalpindi
 VICTORY_POINTS_10821: "Gilgit"
 VICTORY_POINTS_12005: "Lahore"
 VICTORY_POINTS_8007: "Multan"
 VICTORY_POINTS_14123: "Bahawalapur"
 VICTORY_POINTS_14117: "Karachi"
 VICTORY_POINTS_3456: "Thatta"
 VICTORY_POINTS_14125: "Nawabshah"

# Nepal
 VICTORY_POINTS_4987: "Kathmandu"
 VICTORY_POINTS_10825: "Jemla"

# India
 VICTORY_POINTS_7273: "Leli"
 VICTORY_POINTS_14138: "Srinigar"
 VICTORY_POINTS_7106: "Simla"
 VICTORY_POINTS_12708: "Ambala"
 VICTORY_POINTS_14090: "Meerut"
 VICTORY_POINTS_14108: "Moradabad"
 VICTORY_POINTS_9951: "Bareilly"
 VICTORY_POINTS_12822: "Karpurthala"
 VICTORY_POINTS_10729: "Patiala"
 VICTORY_POINTS_14124: "Delhi"
 VICTORY_POINTS_2032: "Panipat"
 VICTORY_POINTS_4915: "Agra"
 VICTORY_POINTS_14132: "Jaipur"
 VICTORY_POINTS_14135: "Bikaner"
 VICTORY_POINTS_4984: "Jodhpur"
 VICTORY_POINTS_1908: "Ajmere"
 VICTORY_POINTS_14127: "Udaipur"
 VICTORY_POINTS_11995: "Bhopal"
 VICTORY_POINTS_2105: "Indore"
 VICTORY_POINTS_9975: "Ahmadabad"
 VICTORY_POINTS_11952: "Baroda"
 VICTORY_POINTS_14109: "Rajkot"
 VICTORY_POINTS_1061: "Bhuj"
 VICTORY_POINTS_10807: "Gwalior"
 VICTORY_POINTS_1949: "Jhansi"
 VICTORY_POINTS_1983: "Ayodhya"
 VICTORY_POINTS_9973: "Lucknow"
 VICTORY_POINTS_10751: "Faizabad"
 VICTORY_POINTS_12777: "Kanpur"
 VICTORY_POINTS_14137: "Allahabad"
 VICTORY_POINTS_2005: "Mizrapur"
 VICTORY_POINTS_10332: "Rewah"
 VICTORY_POINTS_5096: "Jaitpur"
 VICTORY_POINTS_10801: "Jabalpur"
 VICTORY_POINTS_4883: "Nagpur"
 VICTORY_POINTS_1349: "Bombay"
 VICTORY_POINTS_4187: "Surat"
 VICTORY_POINTS_7119: "Nashik"
 VICTORY_POINTS_12182: "Pune"
 VICTORY_POINTS_12105: "Dharwar"
 VICTORY_POINTS_1273: "Goa"
 VICTORY_POINTS_7244: "Mangaluru"
 VICTORY_POINTS_4344: "Madikeri"
 VICTORY_POINTS_8011: "Bangalore"
 VICTORY_POINTS_8087: "Hyderabad"
 VICTORY_POINTS_7411: "Nargund"
 VICTORY_POINTS_7391: "Calicut"
 VICTORY_POINTS_1321: "Thiruvananthapuram"
 VICTORY_POINTS_7447: "Cochin"
 VICTORY_POINTS_1409: "Madurai"
 VICTORY_POINTS_1381: "Tranquebar"
 VICTORY_POINTS_10246: "Tiruchirappalli"
 VICTORY_POINTS_4327: "Tirunelveli"
 VICTORY_POINTS_10201: "Jaffna"
 VICTORY_POINTS_10229: "Trincomalee"
 VICTORY_POINTS_7260: "Colombo"
 VICTORY_POINTS_12180: "Madras"
 VICTORY_POINTS_10149: "Pondicherry"
 VICTORY_POINTS_12779: "Cuddapah"
 VICTORY_POINTS_1430: "Nellore"
 VICTORY_POINTS_7340: "Masulipatam"
 VICTORY_POINTS_4237: "Yanon"
 VICTORY_POINTS_10001: "Visakhapatnam"
 VICTORY_POINTS_10469: "Jagdalpur"
 VICTORY_POINTS_1579: "Kureal"
 VICTORY_POINTS_10428: "Ambikapur"
 VICTORY_POINTS_10088: "Cuttack"
 VICTORY_POINTS_10116: "Ganjam"
 VICTORY_POINTS_4245: "Calcutta"
 VICTORY_POINTS_7220: "Mindapur"
 VICTORY_POINTS_4644: "Bardwan"
 VICTORY_POINTS_12035: "Chota Nagpur"
 VICTORY_POINTS_12307: "Gungpur"
 VICTORY_POINTS_4516: "Patna"
 VICTORY_POINTS_4459: "Gorakhpur"
 VICTORY_POINTS_7537: "Khagapur"
 VICTORY_POINTS_4435: "Darjiling"
 VICTORY_POINTS_8010: "Punakha"
 VICTORY_POINTS_7662: "Dinapur"
 VICTORY_POINTS_10443: "Mithapukar"
 VICTORY_POINTS_10035: "Khula"
 VICTORY_POINTS_11929: "Dacca"
 VICTORY_POINTS_8059: "Chamdo"
 VICTORY_POINTS_3460: "Lissa"

 VICTORY_POINTS_1919: "Samarkand"
 VICTORY_POINTS_1573: "Bukhara"
 VICTORY_POINTS_12465: "Khiva"
 VICTORY_POINTS_7259: "Fort Victoria"
 VICTORY_POINTS_4379: "Phú Xuân"
 VICTORY_POINTS_1208: "Kuching"
 VICTORY_POINTS_12283: "Sibu"
 VICTORY_POINTS_6124: "Vyatka"
 VICTORY_POINTS_99: "Ust-Sysolsk"
 VICTORY_POINTS_9259: "Cheboksary"
 VICTORY_POINTS_464: "Guryev"
 VICTORY_POINTS_11537: "Uralsk"
 VICTORY_POINTS_11686: "Chisinau"
 VICTORY_POINTS_11647: "Sukhumi"
 VICTORY_POINTS_11599: "Zugdidi"
 VICTORY_POINTS_13840: "Kokura Port"
 VICTORY_POINTS_9400: "Skierniewice"
 VICTORY_POINTS_6580: "Zamość"
 VICTORY_POINTS_12973: "Trinidad"
 VICTORY_POINTS_14007: "Oruro"
 VICTORY_POINTS_8215: "Mendoza"
 VICTORY_POINTS_10999: "Vitória"
 VICTORY_POINTS_12996: "Campos dos Goytacazes"
 VICTORY_POINTS_10980: "Niterói"
 VICTORY_POINTS_12334: "Juiz de Fora"
 VICTORY_POINTS_4617: "Jeremoabo"
 VICTORY_POINTS_10939: "Penedo"
 VICTORY_POINTS_14467: "Uruguaiana"
 VICTORY_POINTS_14473: "São Borja"
 VICTORY_POINTS_14050: "Santa Maria"
 VICTORY_POINTS_14470: "Cruz Alta"
 VICTORY_POINTS_7581: "Santo Ângelo"
 VICTORY_POINTS_14477: "Bagé"
 VICTORY_POINTS_14483: "Passo Fundo"
 VICTORY_POINTS_14485: "São Leopoldo"
 VICTORY_POINTS_7638: "Pelotas"
 VICTORY_POINTS_14012: "Rio Grande"
 VICTORY_POINTS_14017: "Taubaté"
 VICTORY_POINTS_5112: "Santos"
 VICTORY_POINTS_8190: "Cabo Frio"
 VICTORY_POINTS_14024: "Paranaguá"
 VICTORY_POINTS_2228: "Paranaíba"
 VICTORY_POINTS_5194: "Minas do Rio de Contas"
 VICTORY_POINTS_14026: "Cachoeira"
 VICTORY_POINTS_14026: "Santo Amaro"
 VICTORY_POINTS_14027: "Santo Amaro"
 VICTORY_POINTS_14028: "Feira de Santana"
 VICTORY_POINTS_5182: "Caruaru"
 VICTORY_POINTS_12938: "Serro"
 VICTORY_POINTS_7589: "Ponte Nova"
 VICTORY_POINTS_14032: "Queluz"
 VICTORY_POINTS_14033: "Sabará"
 VICTORY_POINTS_12909: "Minas Novas"
 VICTORY_POINTS_5223: "Grão Mogol"
 VICTORY_POINTS_14034: "Rio Pardo"
 VICTORY_POINTS_8211: "Riberalta"
 VICTORY_POINTS_8240: "Cochabamba"
 VICTORY_POINTS_10924: "Santa Cruz"
 VICTORY_POINTS_12916: "Puerto Aguirre"
 VICTORY_POINTS_12930: "Sucre"
 VICTORY_POINTS_4686: "Shymkent"
 VICTORY_POINTS_7427: "Malacca"
 VICTORY_POINTS_4424: "Johor Bahru"
 VICTORY_POINTS_12144: "Alor Setar"
 VICTORY_POINTS_13936: "Butterworth"
 VICTORY_POINTS_13938: "Dindings"
 VICTORY_POINTS_1364: "Kuala Kangsar"
 VICTORY_POINTS_4355: "Kuala Terengganu"
 VICTORY_POINTS_12271: "Pekan"
 VICTORY_POINTS_10764: "Deim Zubeir"
 VICTORY_POINTS_7996: "Rumbek"
 VICTORY_POINTS_10859: "Akobo"
 VICTORY_POINTS_3711: "Archib"
 VICTORY_POINTS_7554: "Bezhta"
 VICTORY_POINTS_9674: "Arkhyz"
 VICTORY_POINTS_11664: "Terskol"
 VICTORY_POINTS_13883: "Versaille"
 VICTORY_POINTS_11891: "Oneglia"
 VICTORY_POINTS_9741: "Alessandria"
 VICTORY_POINTS_3885: "Perugia"
 VICTORY_POINTS_11861: "Urbino"
 VICTORY_POINTS_11751: "Civitavecchia"
 VICTORY_POINTS_6939: "Foggia"
 VICTORY_POINTS_851: "Sapri"
 VICTORY_POINTS_12098: "Catanzaro"
 VICTORY_POINTS_7059: "Marsala"
 VICTORY_POINTS_11755: "Olbia"
 VICTORY_POINTS_9772: "Sassari"
 VICTORY_POINTS_9964: "Tenes"
 VICTORY_POINTS_4146: "Blida"
 VICTORY_POINTS_10059: "Batna"
 VICTORY_POINTS_13074: "El Abiodh Sidi Cheikh"
 VICTORY_POINTS_12051: "Constantine"
 VICTORY_POINTS_1160: "Annaba"
 VICTORY_POINTS_7166: "Tizi Ouzou"
 VICTORY_POINTS_11939: "Icheriden"
 VICTORY_POINTS_4150: "Mascara"
 VICTORY_POINTS_4970: "Touggourt"
 VICTORY_POINTS_1141: "Tebessa"

 # Spain
 VICTORY_POINTS_3938: "Madrid"

 VICTORY_POINTS_9764: "Barcelona"
 VICTORY_POINTS_6927: "Girona"
 VICTORY_POINTS_6812: "Tarragona"
 VICTORY_POINTS_6836: "Lerida"

 VICTORY_POINTS_3816: "Zaragoza"
 VICTORY_POINTS_11821: "Huesca"
 VICTORY_POINTS_871: "Teruel"

 VICTORY_POINTS_9857: "Pamplona"
 VICTORY_POINTS_3737: "San Sebastian"

 VICTORY_POINTS_740: "Bilbao"
 VICTORY_POINTS_3735: "Vitoria"

 VICTORY_POINTS_11688: "Santander"
 VICTORY_POINTS_9703: "Torrelavega"

 VICTORY_POINTS_758: "La Coruna"
 VICTORY_POINTS_11710: "Santiago de Compostela"
 VICTORY_POINTS_9689: "Pontevedra"
 VICTORY_POINTS_6734: "Vigo"
 VICTORY_POINTS_9686: "Lugo"
 VICTORY_POINTS_11692: "Orense"
 VICTORY_POINTS_3761: "Vivero"
 VICTORY_POINTS_11677: "Monforte de Lemos"

 VICTORY_POINTS_11707: "Gijon"
 VICTORY_POINTS_3725: "Ponferrada"
 VICTORY_POINTS_3918: "Leon"
 VICTORY_POINTS_3729: "Oviedo"
 VICTORY_POINTS_918: "Zamora"

 VICTORY_POINTS_794: "Salamanca"
 VICTORY_POINTS_6866: "Caceres"
 VICTORY_POINTS_6902: "Badajoz"
 VICTORY_POINTS_11756: "Plasencia"

 VICTORY_POINTS_7183: "Sevilla"
 VICTORY_POINTS_875: "Cordoba"
 VICTORY_POINTS_1048: "Cadiz"
 VICTORY_POINTS_9815: "Huelva"
 VICTORY_POINTS_10111: "Jaen"
 VICTORY_POINTS_4182: "Ecija"

 VICTORY_POINTS_9979: "Malaga"
 VICTORY_POINTS_7153: "Marbella"
 VICTORY_POINTS_1176: "Granada"
 VICTORY_POINTS_12038: "Almeria"

 VICTORY_POINTS_1093: "Murcia"
 VICTORY_POINTS_10024: "Cartagena"
 VICTORY_POINTS_832: "Albacete"
 VICTORY_POINTS_7111: "Lorca"

 VICTORY_POINTS_6906: "Valencia"
 VICTORY_POINTS_6817: "Castellon"
 VICTORY_POINTS_962: "Alicante"
 VICTORY_POINTS_3873: "Peniscola"

 VICTORY_POINTS_9793: "Palma"
 VICTORY_POINTS_7114: "Ibiza"
 VICTORY_POINTS_9845: "Mao-Mahon"

 VICTORY_POINTS_9778: "Ciudad Real"
 VICTORY_POINTS_11812: "Tomelloso"
 VICTORY_POINTS_11742: "Cuenca"

 VICTORY_POINTS_3858: "Guadalajara"
 VICTORY_POINTS_858: "Toledo"

 VICTORY_POINTS_885: "Burgos"
 VICTORY_POINTS_11825: "Valladolid"
 VICTORY_POINTS_13824: "Logroño"
 VICTORY_POINTS_6936: "Palencia"
 VICTORY_POINTS_3859: "Soria"

  VICTORY_POINTS_13071: "Santa Cruz de Tenerife"

  VICTORY_POINTS_13720: "Ceuta"

  VICTORY_POINTS_13721: "Melilla"

 #Cuba
 VICTORY_POINTS_7622: "La Habana"

 VICTORY_POINTS_1550: "Santiago de Cuba"
 VICTORY_POINTS_7590: "Guantanamo"
 VICTORY_POINTS_4476: "Camaguey"
 VICTORY_POINTS_7451: "Santa Clara"
 VICTORY_POINTS_10498: "Cienfuegos"

 VICTORY_POINTS_13527: "Guantanamo Bay"

 VICTORY_POINTS_4223: "Hà Tien"
 VICTORY_POINTS_7303: "Can Tho"

#Africa
 VICTORY_POINTS_1891: "Sokoto"
 VICTORY_POINTS_14217: "Kano"
 VICTORY_POINTS_14207: "Zaria"
 VICTORY_POINTS_4952: "Edo"
 VICTORY_POINTS_13897: "Idah"
 VICTORY_POINTS_13894: "Akpa"
 VICTORY_POINTS_8034: "Onitsha"
 VICTORY_POINTS_13892: "Yenagoa"
 VICTORY_POINTS_12731: "Oyo-Ile"
 VICTORY_POINTS_13409: "Ilorin"
 VICTORY_POINTS_7978: "Kwararfa"
 VICTORY_POINTS_6039: "Fumban"
 VICTORY_POINTS_12900: "Ondo"
 VICTORY_POINTS_1992: "Wukari"
 VICTORY_POINTS_10820: "Bauchi"
 VICTORY_POINTS_13893: "Abeokuta"
 VICTORY_POINTS_8021: "Lafia"
 VICTORY_POINTS_1932: "Kontagora"
 VICTORY_POINTS_12762: "Nikki"
 VICTORY_POINTS_12817: "Bussa"
 VICTORY_POINTS_12874: "Parakou"
 VICTORY_POINTS_12742: "Elmina"
 VICTORY_POINTS_13347: "Techiman"
 VICTORY_POINTS_8039: "Yendi"
 VICTORY_POINTS_12787: "Awasa"
 VICTORY_POINTS_13344: "Kumasi"
 VICTORY_POINTS_13345: "Salaga"
 VICTORY_POINTS_13787: "Mbanza Kongo"
 VICTORY_POINTS_10836: "Nungu"
 VICTORY_POINTS_14353: "Wa"
 VICTORY_POINTS_7983: "Sia"
 VICTORY_POINTS_2001: "Fada N'Gurma"
 VICTORY_POINTS_8071: "Koutiala"
 VICTORY_POINTS_5045: "Sikasso"
 VICTORY_POINTS_12925: "Matadi"
 VICTORY_POINTS_5117: "Sona Qongo"
 VICTORY_POINTS_13323: "Monfol"
 VICTORY_POINTS_4889: "Yola"
 VICTORY_POINTS_1960: "Al-Fasher"
 VICTORY_POINTS_10917: "Agadez"
 VICTORY_POINTS_10814: "Kiffa"
 VICTORY_POINTS_8058: "Kaedi"
 VICTORY_POINTS_5077: "Bogué"
 VICTORY_POINTS_13046: "Rosso"
 VICTORY_POINTS_5034: "Nouakchott"
 VICTORY_POINTS_8035: "Atar"
 VICTORY_POINTS_13906: "Zouérat"
 VICTORY_POINTS_14185: "Bahir Dar"
 VICTORY_POINTS_13369: "Mekelle"
 VICTORY_POINTS_4851: "Mhlahlandlela"
 VICTORY_POINTS_10594: "N'gwena"
 VICTORY_POINTS_697: "Mongu"
 VICTORY_POINTS_10972: "Chiconono"
 VICTORY_POINTS_13442: "Manthimba"
 VICTORY_POINTS_5212: "Manjakazi"
 VICTORY_POINTS_13434: "Jinja"
 VICTORY_POINTS_13435: "Mumias"
 VICTORY_POINTS_5212: "Xai-xai"
 VICTORY_POINTS_2120: "Quelimane"
 VICTORY_POINTS_14155: "Bonga"
 VICTORY_POINTS_14163: "Irgalem"
 VICTORY_POINTS_14181: "Harar"
 VICTORY_POINTS_5091: "Tsazega"
 VICTORY_POINTS_14174: "Jijiga"
 VICTORY_POINTS_1966: "Alula"
 VICTORY_POINTS_14187: "Wasal"
 VICTORY_POINTS_14186: "Debre Tabor"
 VICTORY_POINTS_14159: "Awassa"
 VICTORY_POINTS_14178: "Aussa"
 VICTORY_POINTS_14152: "Walvis Bay"
 VICTORY_POINTS_12802: "Timbo"
 VICTORY_POINTS_14317: "Boké"
 VICTORY_POINTS_4957: "Dinguiraye"
 VICTORY_POINTS_4927: "Djenné"
 VICTORY_POINTS_13278: "Odienné"
 VICTORY_POINTS_12751: "Siguiri"
 VICTORY_POINTS_14301: "Lingeer"
 VICTORY_POINTS_14302: "Sagata"
 VICTORY_POINTS_14330: "Sanankoro"
 VICTORY_POINTS_14332: "Ségou"
 VICTORY_POINTS_12747: "Gabu"
 VICTORY_POINTS_13352: "Garoua"
 VICTORY_POINTS_13356: "Kousséri"
 #VICTORY_POINTS_10758: "Zinder"
 VICTORY_POINTS_7963: "Maroua"
 VICTORY_POINTS_11726: "Novara"
 VICTORY_POINTS_11730: "Asti"
 VICTORY_POINTS_14139: "Cuneo"
 VICTORY_POINTS_969: "Bergamo"
 VICTORY_POINTS_11584: "Treviso"
 VICTORY_POINTS_6973: "Massa"
 VICTORY_POINTS_14147: "Pisa"
 VICTORY_POINTS_910: "Siena"
 VICTORY_POINTS_9603: "Annecy"
 VICTORY_POINTS_6926: "Spoleto"
 VICTORY_POINTS_3910: "L’Aquila "
 VICTORY_POINTS_6831: "Pescara"
 VICTORY_POINTS_923: "Gaeta"
 VICTORY_POINTS_11803: "Benevento"
 VICTORY_POINTS_11998: "Brindisi"
 VICTORY_POINTS_10968: "Mbanza Ngoyo"
 VICTORY_POINTS_13417: "Lambarene"
 VICTORY_POINTS_1817: "Bunkeya"
 VICTORY_POINTS_8207: "Mouile"
 VICTORY_POINTS_2192: "Owando"
 VICTORY_POINTS_13416: "Ilebo"
 VICTORY_POINTS_13412: "Mbanza Loango"
 VICTORY_POINTS_13418: "Libreville"
 VICTORY_POINTS_13945: "Boma"
 VICTORY_POINTS_2115: "Kinguele"
 VICTORY_POINTS_12795: "Musumba"
 VICTORY_POINTS_1846: "Nkula"
 VICTORY_POINTS_13442: "Manthimba"
 VICTORY_POINTS_4735: "Kovongo"
 VICTORY_POINTS_14239: "Bukalo"
 VICTORY_POINTS_14262: "Kibuga"
 VICTORY_POINTS_12989: "Mparo"
 VICTORY_POINTS_12929: "Gulu"
 VICTORY_POINTS_5180: "Tabora"
 VICTORY_POINTS_9962: "Nyanza"
 VICTORY_POINTS_14368: "Dosso"
 VICTORY_POINTS_7088: "Kabarole"
 VICTORY_POINTS_13424: "Bweranyange"
 VICTORY_POINTS_10972: "Chiconono"
 VICTORY_POINTS_14309: "Orefonde"
 VICTORY_POINTS_13407: "Mbissel"
 VICTORY_POINTS_14304: "Kawon"
 VICTORY_POINTS_13355: "Chá"
 VICTORY_POINTS_14368: "Dosso"
 VICTORY_POINTS_8008: "Kankan"
 VICTORY_POINTS_8111: "Tan-tan"
 VICTORY_POINTS_881: "Chengde"
 jungle_hills_desc: ""
